country,disaster,year,homeless
afg,earthquake,1983,6580.0
afg,earthquake,1996,750.0
afg,earthquake,1998,45000.0
afg,earthquake,1999,31275.0
afg,earthquake,2001,250.0
afg,earthquake,2002,10000.0
afg,earthquake,2003,1000.0
afg,earthquake,2004,1000.0
afg,earthquake,2006,195.0
afg,earthquake,2009,3250.0
afg,earthquake,2010,1000.0
afg,earthquake,2012,235.0
afg,earthquake,2015,35040.0
afg,flood,1978,7500.0
afg,flood,1991,9400.0
afg,flood,1995,7500.0
afg,flood,1997,750.0
afg,flood,2003,3250.0
afg,flood,2004,1700.0
afg,flood,2005,6775.0
afg,flood,2006,8015.0
afg,flood,2007,3480.0
afg,flood,2008,180.0
afg,flood,2011,9700.0
afg,flood,2012,2445.0
afg,flood,2014,10000.0
afg,landslide,1993,1000.0
afg,landslide,1995,110.0
afg,landslide,2015,7060.0
afg,miscellaneous_accident,2005,1000.0
ago,flood,2000,9000.0
ago,flood,2003,825.0
ago,flood,2004,1700.0
ago,flood,2005,10000.0
ago,flood,2006,225.0
ago,flood,2007,6000.0
ago,flood,2009,5065.0
ago,flood,2010,78875.0
ago,flood,2011,100.0
ago,flood,2015,2000.0
aia,storm,1960,1000.0
alb,earthquake,1982,5000.0
alb,earthquake,2009,150.0
alb,extreme_temperature,1985,1340.0
alb,wildfire,2007,75.0
arg,earthquake,1977,40000.0
arg,earthquake,2002,200.0
arg,flood,1967,70000.0
arg,flood,1983,250000.0
arg,flood,1985,56000.0
arg,flood,1986,60000.0
arg,flood,1992,88074.0
arg,flood,2000,7800.0
arg,flood,2003,20000.0
arg,flood,2007,5000.0
arg,storm,1993,4000.0
arg,storm,2000,430.0
arg,storm,2001,2000.0
arg,storm,2005,200.0
arg,storm,2012,2000.0
arg,volcanic_activity,1991,1200.0
arg,wildfire,1987,750.0
arm,flood,1998,144.0
arm,miscellaneous_accident,1994,250.0
asm,storm,2004,3000.0
atg,storm,1989,530.0
atg,storm,1995,3537.0
atg,storm,1998,2000.0
atg,storm,1999,1439.0
aus,earthquake,1968,400.0
aus,earthquake,1994,20.0
aus,flood,1973,1000.0
aus,flood,1993,5500.0
aus,flood,1996,500.0
aus,miscellaneous_accident,1975,36.0
aus,miscellaneous_accident,1996,36.0
aus,storm,1986,1000.0
aus,storm,1991,18.0
aus,storm,1993,45.0
aus,storm,1994,320.0
aus,storm,1995,200.0
aus,storm,1996,1230.0
aus,storm,1999,672.0
aus,storm,2002,9.0
aus,storm,2003,30.0
aus,storm,2006,7000.0
aus,storm,2007,90.0
aus,storm,2015,6048.0
aus,wildfire,1939,3900.0
aus,wildfire,1944,2100.0
aus,wildfire,1968,800.0
aus,wildfire,1983,11000.0
aus,wildfire,1994,1000.0
aus,wildfire,2002,240.0
aus,wildfire,2006,141.0
aus,wildfire,2014,258.0
aus,wildfire,2015,453.0
aze,earthquake,1999,8400.0
aze,earthquake,2012,6949.0
aze,flood,1995,156000.0
aze,flood,2003,1500.0
azo,earthquake,1998,1000.0
azo,landslide,1997,50.0
bdi,earthquake,2004,120.0
bdi,flood,2000,500.0
bdi,flood,2004,10000.0
bdi,flood,2005,5000.0
bdi,flood,2006,7805.0
bdi,flood,2007,23000.0
bdi,flood,2014,12500.0
bdi,landslide,2015,2870.0
bdi,storm,2004,15500.0
bdi,storm,2006,1500.0
bdi,storm,2010,1500.0
ben,flood,1982,80000.0
ben,flood,1985,130000.0
ben,flood,1988,16000.0
ben,flood,1994,20000.0
ben,flood,1995,8000.0
ben,flood,1996,826.0
ben,flood,1998,20000.0
ben,flood,1999,10469.0
ben,flood,2007,884.0
ben,flood,2010,150000.0
ben,miscellaneous_accident,2008,996.0
ben,miscellaneous_accident,2013,2759.0
ben,wildfire,1978,3000.0
ben,wildfire,2013,2759.0
bfa,flood,1977,900.0
bfa,flood,1985,572.0
bfa,flood,1988,10000.0
bfa,flood,1999,760.0
bfa,flood,2003,12120.0
bfa,flood,2006,10000.0
bfa,flood,2007,28000.0
bfa,flood,2008,4292.0
bfa,flood,2012,21000.0
bgd,earthquake,1999,15000.0
bgd,flood,1968,878724.0
bgd,flood,1974,2000000.0
bgd,flood,1982,25000.0
bgd,flood,1983,100000.0
bgd,flood,1986,300000.0
bgd,flood,1991,200000.0
bgd,flood,1992,75000.0
bgd,flood,1993,75000.0
bgd,flood,1994,70000.0
bgd,flood,1995,360000.0
bgd,flood,1997,100000.0
bgd,flood,1999,24000.0
bgd,flood,2000,12000.0
bgd,flood,2008,35638.0
bgd,miscellaneous_accident,2002,20000.0
bgd,miscellaneous_accident,2004,3000.0
bgd,miscellaneous_accident,2006,7500.0
bgd,miscellaneous_accident,2015,2000.0
bgd,storm,1923,25000.0
bgd,storm,1965,5000000.0
bgd,storm,1966,300000.0
bgd,storm,1969,23943.0
bgd,storm,1973,10000.0
bgd,storm,1981,25000.0
bgd,storm,1985,510000.0
bgd,storm,1986,120000.0
bgd,storm,1988,2000000.0
bgd,storm,1991,300000.0
bgd,storm,1992,10000.0
bgd,storm,1993,105000.0
bgd,storm,1994,205000.0
bgd,storm,1995,122000.0
bgd,storm,1997,1000000.0
bgd,storm,1999,100000.0
bgd,storm,2000,73500.0
bgd,storm,2002,1000.0
bgd,storm,2004,14000.0
bgd,storm,2005,21500.0
bgd,storm,2006,2400.0
bgd,storm,2007,225.0
bgd,storm,2012,55000.0
bgd,storm,2014,4000.0
bgr,earthquake,1986,3000.0
bgr,flood,2014,1260.0
bgr,storm,1999,850.0
bgr,wildfire,2000,150.0
bhs,storm,1992,1700.0
bih,storm,1999,90.0
blr,storm,1997,300.0
bol,earthquake,1998,6900.0
bol,flood,1968,6000.0
bol,flood,1977,20000.0
bol,flood,1978,15000.0
bol,flood,1985,475.0
bol,flood,1986,50000.0
bol,flood,1992,40000.0
bol,flood,1999,600.0
bol,flood,2003,10000.0
bol,landslide,1992,500.0
bol,landslide,2003,300.0
bol,landslide,2014,4800.0
bol,wildfire,1999,2800.0
bol,wildfire,2010,300.0
bra,earthquake,1986,8000.0
bra,flood,1965,40000.0
bra,flood,1966,29000.0
bra,flood,1967,15400.0
bra,flood,1969,17384.0
bra,flood,1975,80000.0
bra,flood,1977,50000.0
bra,flood,1983,8000.0
bra,flood,1984,31500.0
bra,flood,1985,2000.0
bra,flood,1986,6500.0
bra,flood,1988,20000.0
bra,flood,1989,333944.0
bra,flood,1992,1500.0
bra,flood,1995,33800.0
bra,flood,1996,7000.0
bra,flood,1997,62000.0
bra,flood,1998,10500.0
bra,flood,2000,70000.0
bra,flood,2001,9100.0
bra,flood,2002,1500.0
bra,flood,2003,187410.0
bra,flood,2004,2200.0
bra,flood,2005,10000.0
bra,flood,2008,1435.0
bra,flood,2009,2700.0
bra,flood,2010,13000.0
bra,flood,2011,30000.0
bra,flood,2012,8500.0
bra,flood,2013,43200.0
bra,flood,2014,67500.0
bra,industrial_accident,2015,637.0
bra,landslide,1991,600.0
bra,landslide,1995,2000.0
bra,landslide,2000,143000.0
bra,landslide,2002,1500.0
bra,miscellaneous_accident,2014,2600.0
bra,storm,1985,2000.0
bra,storm,1994,2000.0
bra,storm,2001,3400.0
bra,storm,2005,340.0
bra,storm,2008,1600.0
bra,storm,2009,450.0
brb,flood,1984,100.0
brb,storm,1980,5000.0
brb,storm,1987,230.0
brb,storm,2002,2000.0
brb,storm,2004,880.0
btn,flood,2000,1000.0
bwa,flood,1995,2000.0
bwa,flood,2000,32000.0
caf,flood,1995,1957.0
caf,flood,1996,1500.0
caf,flood,1998,9200.0
caf,flood,1999,25919.0
caf,flood,2003,240.0
caf,flood,2004,12698.0
caf,flood,2005,23798.0
caf,flood,2007,1812.0
caf,flood,2008,795.0
caf,flood,2009,11000.0
caf,storm,1981,900.0
caf,storm,2001,3000.0
caf,storm,2009,3835.0
caf,storm,2012,3870.0
caf,wildfire,2002,750.0
can,flood,1996,12000.0
can,mass_movement_dry,1955,2000.0
can,mass_movement_dry,1971,1500.0
can,miscellaneous_accident,1916,8000.0
can,miscellaneous_accident,1938,200.0
can,miscellaneous_accident,2002,300.0
can,storm,1912,2500.0
can,storm,1975,300.0
can,storm,1985,800.0
can,storm,1999,200.0
can,storm,2000,700.0
can,storm,2001,30.0
can,transport_accident,1917,6000.0
can,wildfire,1911,200.0
can,wildfire,1922,11000.0
can,wildfire,2011,7000.0
can,wildfire,2015,36.0
chl,earthquake,1985,500000.0
chl,earthquake,1987,5000.0
chl,earthquake,1995,575.0
chl,earthquake,1997,13000.0
chl,earthquake,2010,800000.0
chl,flood,1965,25000.0
chl,flood,1987,81000.0
chl,flood,1993,1225.0
chl,flood,1997,11000.0
chl,flood,2000,10401.0
chl,flood,2001,314.0
chl,flood,2005,548.0
chl,flood,2008,23000.0
chl,flood,2014,1638.0
chl,flood,2015,29741.0
chl,landslide,1991,17671.0
chl,storm,1977,16800.0
chl,storm,1984,119994.0
chl,storm,1992,38000.0
chl,storm,2001,400.0
chl,volcanic_activity,1991,1200.0
chl,wildfire,1999,1000.0
chl,wildfire,2003,285.0
chl,wildfire,2011,1082.0
chn,earthquake,1983,16500.0
chn,earthquake,1985,16000.0
chn,earthquake,1986,290.0
chn,earthquake,1987,7000.0
chn,earthquake,1988,267000.0
chn,earthquake,1989,142850.0
chn,earthquake,1990,7696.0
chn,earthquake,1991,600.0
chn,earthquake,1993,35360.0
chn,earthquake,1995,25000.0
chn,earthquake,1996,1823870.0
chn,earthquake,1997,190000.0
chn,earthquake,1998,97600.0
chn,earthquake,1999,21000.0
chn,earthquake,2000,287959.0
chn,earthquake,2001,327000.0
chn,earthquake,2002,48.0
chn,earthquake,2003,330935.0
chn,earthquake,2004,127199.0
chn,earthquake,2006,143760.0
chn,earthquake,2008,414235.0
chn,earthquake,2009,50000.0
chn,earthquake,2010,100500.0
chn,earthquake,2011,75425.0
chn,earthquake,2012,78.0
chn,earthquake,2013,12540.0
chn,earthquake,2014,2000.0
chn,earthquake,2015,2000.0
chn,extreme_temperature,2011,233000.0
chn,flood,1933,3600000.0
chn,flood,1981,200000.0
chn,flood,1982,210000.0
chn,flood,1985,2000.0
chn,flood,1986,800000.0
chn,flood,1988,120000.0
chn,flood,1990,300000.0
chn,flood,1991,4203500.0
chn,flood,1992,472400.0
chn,flood,1994,5617000.0
chn,flood,1995,1000000.0
chn,flood,1996,4440000.0
chn,flood,1997,363000.0
chn,flood,1998,17350000.0
chn,flood,1999,2245000.0
chn,flood,2000,53500.0
chn,flood,2001,252630.0
chn,flood,2002,2300.0
chn,flood,2003,1405726.0
chn,flood,2004,3073.0
chn,flood,2005,268000.0
chn,flood,2006,379000.0
chn,flood,2007,65000.0
chn,flood,2013,90000.0
chn,flood,2014,424000.0
chn,flood,2015,41910.0
chn,landslide,1989,2265.0
chn,landslide,1997,294.0
chn,landslide,1999,35.0
chn,landslide,2000,2000.0
chn,landslide,2001,11585.0
chn,landslide,2009,10000.0
chn,landslide,2010,125.0
chn,landslide,2014,385.0
chn,mass_movement_dry,2004,340.0
chn,miscellaneous_accident,1995,196.0
chn,miscellaneous_accident,2005,85.0
chn,miscellaneous_accident,2014,2600.0
chn,storm,1970,7880.0
chn,storm,1980,100.0
chn,storm,1986,10000.0
chn,storm,1987,425400.0
chn,storm,1988,50000.0
chn,storm,1990,210195.0
chn,storm,1991,10000.0
chn,storm,1992,35000.0
chn,storm,1993,150000.0
chn,storm,1994,693000.0
chn,storm,1995,312000.0
chn,storm,1996,10000.0
chn,storm,1997,374000.0
chn,storm,1998,11000000.0
chn,storm,1999,183950.0
chn,storm,2000,66665.0
chn,storm,2001,263000.0
chn,storm,2003,68925.0
chn,storm,2004,553512.0
chn,storm,2005,13000.0
chn,storm,2006,108400.0
chn,storm,2007,4855.0
chn,storm,2009,98450.0
chn,storm,2010,256000.0
chn,storm,2012,48540.0
chn,storm,2013,50000.0
chn,storm,2014,64255.0
chn,storm,2015,35800.0
chn,wildfire,2003,300.0
civ,landslide,2009,10000.0
cmr,flood,1991,200.0
cmr,flood,1999,1000.0
cmr,flood,2001,1500.0
cmr,flood,2007,10279.0
cmr,flood,2008,1000.0
cmr,flood,2010,3000.0
cmr,flood,2012,31980.0
cmr,landslide,2003,100.0
cmr,miscellaneous_accident,2010,1750.0
cmr,volcanic_activity,1999,510.0
cod,earthquake,1992,250.0
cod,earthquake,2005,1500.0
cod,flood,1990,12000.0
cod,flood,1994,50.0
cod,flood,1997,9506.0
cod,flood,1999,13000.0
cod,flood,2003,1481.0
cod,flood,2006,3600.0
cod,flood,2008,500.0
cod,flood,2010,1800.0
cod,flood,2011,2000.0
cod,flood,2012,1010.0
cod,flood,2014,3750.0
cod,landslide,1968,168.0
cod,landslide,2010,1160.0
cod,storm,2003,20000.0
cod,storm,2005,5386.0
cod,volcanic_activity,1977,60000.0
cod,volcanic_activity,2002,110000.0
cod,wildfire,2009,125.0
cod,wildfire,2010,2770.0
cog,flood,1999,2000.0
cog,flood,2002,48000.0
cog,flood,2005,2000.0
cog,flood,2006,5000.0
cog,flood,2007,5000.0
cog,flood,2012,7500.0
cog,landslide,1967,168.0
col,earthquake,1950,40000.0
col,earthquake,1991,295.0
col,earthquake,1992,1500.0
col,earthquake,1994,24797.0
col,earthquake,1995,3250.0
col,earthquake,1999,452370.0
col,earthquake,2004,500.0
col,earthquake,2008,1700.0
col,earthquake,2013,300.0
col,flood,1970,105000.0
col,flood,1979,2000.0
col,flood,1993,250.0
col,flood,1994,8400.0
col,flood,1995,86000.0
col,flood,1996,200.0
col,flood,1999,51350.0
col,flood,2000,39000.0
col,flood,2007,2000.0
col,flood,2012,8000.0
col,industrial_accident,2011,66.0
col,landslide,1977,100.0
col,landslide,1996,110.0
col,landslide,1999,3200.0
col,landslide,2002,2000.0
col,landslide,2003,60.0
col,landslide,2009,593.0
col,landslide,2015,300.0
col,mass_movement_dry,1993,125.0
col,miscellaneous_accident,1966,3000.0
col,storm,1968,63.0
col,storm,1983,500.0
col,storm,2001,7500.0
com,storm,1987,50000.0
com,storm,2003,300.0
com,volcanic_activity,1977,5000.0
com,volcanic_activity,1991,200.0
cpv,volcanic_activity,1995,5000.0
cri,earthquake,1973,84.0
cri,earthquake,1990,14000.0
cri,earthquake,1991,3900.0
cri,earthquake,2004,25.0
cri,flood,1988,2500.0
cri,flood,1991,20000.0
cri,flood,1993,3450.0
cri,flood,1994,556.0
cri,flood,1999,4621.0
cri,storm,1995,4800.0
cri,storm,1998,1700.0
cri,volcanic_activity,1968,3280.0
cub,flood,1990,6000.0
cub,flood,1993,32000.0
cub,flood,2012,141.0
cub,storm,1966,18000.0
cub,storm,1982,75000.0
cub,storm,1985,22000.0
cub,storm,1988,1500.0
cub,storm,1994,42820.0
cub,storm,1996,66681.0
cub,storm,1999,26923.0
cub,storm,2004,41500.0
cub,storm,2012,162605.0
cyp,earthquake,1995,150.0
cze,flood,1997,11973.0
dfr,earthquake,1978,200.0
dji,flood,1977,6000.0
dji,flood,1978,6000.0
dji,flood,1994,20000.0
dji,flood,2004,1500.0
dma,storm,1995,5000.0
dma,storm,1999,315.0
dma,storm,2011,96.0
dma,storm,2015,574.0
dnk,industrial_accident,2004,60.0
dom,flood,1996,1000.0
dom,flood,2004,2092.0
dom,flood,2012,11500.0
dom,flood,2015,350.0
dom,storm,1966,5500.0
dom,storm,1979,350000.0
dom,storm,1995,2500.0
dom,storm,1998,120000.0
dom,storm,2015,2100.0
dza,earthquake,1954,129250.0
dza,earthquake,1960,1250.0
dza,earthquake,1965,12000.0
dza,earthquake,1980,443000.0
dza,earthquake,1988,200.0
dza,earthquake,1999,15000.0
dza,earthquake,2003,200000.0
dza,earthquake,2006,150.0
dza,flood,1966,15900.0
dza,flood,1973,61000.0
dza,flood,1984,1470.0
dza,flood,1985,15000.0
dza,flood,1992,2250.0
dza,flood,1994,30000.0
dza,flood,1997,3000.0
dza,flood,1999,700.0
dza,flood,2000,100.0
dza,flood,2005,1750.0
dza,flood,2009,2500.0
dza,landslide,1993,650.0
ecu,earthquake,1970,27992.0
ecu,earthquake,1976,20000.0
ecu,earthquake,1987,150000.0
ecu,earthquake,1995,600.0
ecu,earthquake,1996,15525.0
ecu,earthquake,1998,750.0
ecu,flood,1967,400.0
ecu,flood,1973,30000.0
ecu,flood,1992,80000.0
ecu,flood,1997,2009.0
ecu,flood,2002,3027.0
ecu,flood,2008,14122.0
ecu,flood,2010,500.0
ecu,industrial_accident,1998,900.0
ecu,landslide,2000,180.0
ecu,miscellaneous_accident,1966,492.0
ecu,volcanic_activity,1976,5000.0
ecu,volcanic_activity,1999,2200.0
egy,earthquake,1992,25020.0
egy,flood,1991,200.0
egy,flood,1994,50000.0
egy,flood,1995,3000.0
egy,mass_movement_dry,2008,625.0
egy,miscellaneous_accident,1991,1600.0
egy,miscellaneous_accident,2001,335.0
egy,miscellaneous_accident,2002,750.0
egy,miscellaneous_accident,2007,2000.0
eri,storm,1993,15659.0
esp,earthquake,2011,15000.0
esp,flood,1983,6000.0
eth,earthquake,1969,420.0
eth,flood,1968,6000.0
eth,flood,1976,20000.0
eth,flood,1985,20000.0
eth,flood,1993,4800.0
eth,flood,1996,25000.0
eth,flood,1999,125000.0
eth,flood,2008,810.0
eth,landslide,1994,19.0
eth,landslide,2000,165.0
eth,miscellaneous_accident,1991,50000.0
eth,miscellaneous_accident,1995,2500.0
eth,miscellaneous_accident,1999,100.0
eth,miscellaneous_accident,2000,550.0
fji,flood,1964,10000.0
fji,storm,1979,15000.0
fji,storm,1980,7000.0
fji,storm,1990,3000.0
fji,storm,1993,10000.0
fji,storm,1999,1772.0
fra,flood,1999,200.0
fra,landslide,1999,60.0
fra,storm,2000,200.0
fra,storm,2008,600.0
fra,wildfire,1999,6.0
fsm,storm,1987,200.0
fsm,storm,2002,175.0
fsm,storm,2003,1000.0
gab,storm,2009,800.0
gbr,flood,2007,30000.0
gbr,industrial_accident,1991,1400.0
gbr,industrial_accident,1996,1.0
geo,earthquake,1991,1350.0
geo,earthquake,2002,1086.0
geo,flood,1997,200.0
geo,flood,2004,90.0
geo,storm,2012,6000.0
gha,flood,1995,200000.0
gha,flood,1999,33000.0
gha,flood,2001,5000.0
gha,flood,2015,5000.0
gin,flood,2011,4000.0
gin,wildfire,2004,777.0
glp,earthquake,2004,40.0
glp,storm,1989,11000.0
glp,storm,1999,450.0
gmb,flood,1999,5000.0
gmb,flood,2008,400.0
gmb,wildfire,1973,5000.0
gnb,flood,2004,1000.0
gnb,flood,2008,750.0
gnb,storm,1987,3700.0
gnb,wildfire,1998,300.0
gnq,miscellaneous_accident,2000,100.0
gnq,miscellaneous_accident,2001,250.0
gnq,miscellaneous_accident,2002,500.0
gnq,miscellaneous_accident,2004,2650.0
gnq,miscellaneous_accident,2005,650.0
gnq,miscellaneous_accident,2006,750.0
gnq,miscellaneous_accident,2010,250.0
grc,earthquake,1968,3600.0
grc,earthquake,1995,6300.0
grc,earthquake,1999,108.0
grc,wildfire,1998,300.0
grc,wildfire,2000,90.0
grc,wildfire,2007,3735.0
grc,wildfire,2009,325.0
gtm,earthquake,1976,1166000.0
gtm,earthquake,1985,3500.0
gtm,earthquake,1988,1550.0
gtm,earthquake,1999,35.0
gtm,earthquake,2014,9830.0
gtm,flood,1995,280.0
gtm,flood,1999,3740.0
gtm,flood,2000,250.0
gtm,landslide,2002,460.0
gtm,landslide,2010,50640.0
gtm,mass_movement_dry,2009,991.0
gtm,miscellaneous_accident,1968,130.0
guf,flood,1996,70000.0
gum,storm,1987,502.0
gum,storm,1992,5000.0
gum,storm,1997,5000.0
gum,storm,2002,5100.0
guy,flood,1996,10000.0
hkg,flood,1966,2672.0
hkg,flood,1970,368.0
hkg,flood,1972,13855.0
hkg,flood,1975,150.0
hkg,flood,1977,60.0
hkg,flood,1983,600.0
hkg,flood,1989,714.0
hkg,flood,1992,122.0
hkg,landslide,1982,2800.0
hkg,miscellaneous_accident,1983,9000.0
hkg,miscellaneous_accident,1984,4650.0
hkg,miscellaneous_accident,2000,300.0
hkg,storm,1961,1171.0
hkg,storm,1965,200.0
hkg,storm,1971,1000.0
hkg,storm,1975,1280.0
hkg,storm,1976,2424.0
hkg,storm,1977,71.0
hkg,storm,1978,418.0
hkg,storm,1979,1096.0
hkg,storm,1982,900.0
hkg,storm,1983,2166.0
hkg,storm,1989,977.0
hkg,storm,1992,198.0
hkg,storm,1993,119.0
hkg,wildfire,1982,9000.0
hnd,earthquake,2007,1865.0
hnd,flood,1988,925.0
hnd,flood,1990,6000.0
hnd,flood,1994,15500.0
hnd,flood,1999,3000.0
hnd,flood,2002,144.0
hnd,flood,2005,800.0
hnd,storm,1978,7500.0
hnd,storm,2001,25270.0
hnd,storm,2010,7998.0
hrv,earthquake,1996,2000.0
hti,flood,1986,13200.0
hti,flood,1988,200.0
hti,flood,1999,50.0
hti,flood,2000,1200.0
hti,flood,2003,12320.0
hti,flood,2007,15849.0
hti,flood,2009,9910.0
hti,flood,2013,33265.0
hti,landslide,1989,1000.0
hti,miscellaneous_accident,1987,355.0
hti,miscellaneous_accident,1988,500.0
hti,storm,1980,835000.0
hti,storm,1994,87000.0
hti,storm,1996,115.0
hti,storm,2003,150.0
hti,storm,2004,16548.0
hti,storm,2005,185.0
hti,storm,2007,260.0
hti,storm,2008,30.0
hti,storm,2011,540.0
hti,storm,2012,33330.0
hti,storm,2015,1966.0
hun,flood,1996,200.0
hun,flood,1999,2054.0
hun,flood,2004,9.0
hun,industrial_accident,2010,7120.0
idn,earthquake,1924,11250.0
idn,earthquake,1932,2960.0
idn,earthquake,1938,4710.0
idn,earthquake,1967,8290.0
idn,earthquake,1979,18000.0
idn,earthquake,1982,2000.0
idn,earthquake,1987,1000.0
idn,earthquake,1989,5500.0
idn,earthquake,1991,1000.0
idn,earthquake,1992,97500.0
idn,earthquake,1994,10330.0
idn,earthquake,1995,35685.0
idn,earthquake,1996,18090.0
idn,earthquake,1998,2750.0
idn,earthquake,1999,2700.0
idn,earthquake,2000,58500.0
idn,earthquake,2003,140.0
idn,earthquake,2004,532898.0
idn,earthquake,2006,699395.0
idn,earthquake,2007,36800.0
idn,earthquake,2010,4600.0
idn,earthquake,2011,95.0
idn,earthquake,2012,2355.0
idn,earthquake,2015,2000.0
idn,flood,1967,40000.0
idn,flood,1978,15000.0
idn,flood,1979,4000.0
idn,flood,1981,6000.0
idn,flood,1984,20000.0
idn,flood,1986,50000.0
idn,flood,1987,800.0
idn,flood,1992,6845.0
idn,flood,1994,1000.0
idn,flood,1995,10000.0
idn,flood,2001,5690.0
idn,flood,2006,670.0
idn,flood,2007,9875.0
idn,flood,2008,2920.0
idn,flood,2010,230.0
idn,flood,2011,4000.0
idn,flood,2012,1000.0
idn,flood,2014,5250.0
idn,flood,2015,15.0
idn,industrial_accident,2006,36000.0
idn,landslide,1980,3000.0
idn,landslide,2000,2645.0
idn,landslide,2001,23910.0
idn,landslide,2006,8300.0
idn,landslide,2014,2000.0
idn,landslide,2015,160.0
idn,miscellaneous_accident,1998,25000.0
idn,miscellaneous_accident,2002,500.0
idn,miscellaneous_accident,2004,2500.0
idn,storm,1980,800.0
idn,storm,2012,490.0
idn,volcanic_activity,1979,10000.0
idn,volcanic_activity,1981,5000.0
idn,volcanic_activity,1988,2500.0
idn,volcanic_activity,2011,6000.0
ind,earthquake,1984,10000.0
ind,earthquake,1997,30000.0
ind,earthquake,1999,105500.0
ind,earthquake,2001,1790000.0
ind,earthquake,2002,200.0
ind,earthquake,2005,150000.0
ind,earthquake,2011,75000.0
ind,flood,1928,2000.0
ind,flood,1956,77000.0
ind,flood,1961,2000.0
ind,flood,1970,350000.0
ind,flood,1975,7000000.0
ind,flood,1979,10000.0
ind,flood,1985,450000.0
ind,flood,1986,150000.0
ind,flood,1989,2000.0
ind,flood,1990,2000.0
ind,flood,1991,400000.0
ind,flood,1992,500.0
ind,flood,1993,60000.0
ind,flood,1994,62500.0
ind,flood,1995,3000.0
ind,flood,1996,100000.0
ind,flood,2000,252000.0
ind,flood,2003,4500.0
ind,flood,2004,105000.0
ind,flood,2005,256500.0
ind,flood,2006,4000000.0
ind,flood,2008,2400000.0
ind,flood,2010,400000.0
ind,flood,2014,650000.0
ind,flood,2015,54097.0
ind,landslide,1986,2500000.0
ind,landslide,1995,1114285.0
ind,landslide,1997,2000.0
ind,landslide,2014,200.0
ind,miscellaneous_accident,1987,1500.0
ind,miscellaneous_accident,1999,5000.0
ind,miscellaneous_accident,2003,2500.0
ind,miscellaneous_accident,2004,250.0
ind,miscellaneous_accident,2006,3000.0
ind,miscellaneous_accident,2015,3000.0
ind,storm,1945,2000.0
ind,storm,1955,375000.0
ind,storm,1970,2000.0
ind,storm,1971,2000000.0
ind,storm,1975,2000.0
ind,storm,1977,5432400.0
ind,storm,1983,14000.0
ind,storm,1986,200000.0
ind,storm,1993,60000.0
ind,storm,1999,700000.0
ind,storm,2001,2000.0
ind,storm,2002,5000.0
ind,storm,2003,231845.0
ind,storm,2005,57500.0
ind,storm,2006,150000.0
ind,storm,2009,4000.0
ind,storm,2010,507000.0
ind,storm,2011,250000.0
irn,earthquake,1983,375.0
irn,earthquake,1989,200.0
irn,earthquake,1990,106310.0
irn,earthquake,1992,4000.0
irn,earthquake,1993,1000.0
irn,earthquake,1997,64000.0
irn,earthquake,1999,4070.0
irn,earthquake,2000,500.0
irn,earthquake,2003,65760.0
irn,earthquake,2010,3500.0
irn,earthquake,2013,1500.0
irn,earthquake,2014,12000.0
irn,flood,1980,150000.0
irn,flood,1991,15000.0
irn,flood,1992,2500.0
irn,flood,1993,14000.0
irn,flood,1995,250.0
irn,flood,1996,2000.0
irn,flood,1998,16000.0
irn,flood,2002,4500.0
irn,flood,2003,1370.0
irn,flood,2004,4000.0
irn,flood,2005,1750.0
irn,flood,2015,2000.0
irn,storm,2000,5500.0
irq,earthquake,1991,500.0
irq,flood,1967,60000.0
irq,flood,2008,600.0
irq,flood,2011,2000.0
isl,earthquake,2000,69.0
ita,earthquake,1976,137000.0
ita,earthquake,1979,5000.0
ita,earthquake,1983,1000.0
ita,earthquake,1984,4300.0
ita,earthquake,1990,2500.0
ita,earthquake,1997,38000.0
ita,earthquake,2002,9500.0
ita,earthquake,2009,55000.0
ita,earthquake,2012,14000.0
ita,flood,1951,173500.0
ita,flood,1953,4000.0
ita,flood,1966,1300000.0
ita,flood,1968,3000.0
ita,flood,1970,1650.0
ita,flood,1994,10300.0
ita,flood,2009,5000.0
ita,flood,2012,700.0
ita,flood,2014,1000.0
ita,industrial_accident,1976,190000.0
ita,landslide,1954,5466.0
ita,landslide,1998,219.0
ita,transport_accident,2009,100.0
ita,volcanic_activity,1944,14000.0
jam,flood,1940,2000.0
jam,flood,1979,50000.0
jam,flood,1991,1340.0
jam,flood,1993,82.0
jam,storm,1912,94820.0
jam,storm,1923,1300.0
jam,storm,1944,2000.0
jam,storm,1985,300.0
jam,storm,1996,800.0
jam,storm,2001,200.0
jam,storm,2007,1188.0
jor,flood,1966,2500.0
jpn,earthquake,1993,1620.0
jpn,earthquake,1995,251301.0
jpn,earthquake,2000,312.0
jpn,earthquake,2003,219.0
jpn,earthquake,2007,40668.0
jpn,earthquake,2014,99.0
jpn,flood,1990,507.0
jpn,flood,1999,111.0
jpn,flood,2004,5800.0
jpn,industrial_accident,1999,320000.0
jpn,storm,1977,8000.0
jpn,storm,1978,3000.0
jpn,storm,1980,2000.0
jpn,storm,1981,22500.0
jpn,storm,1982,145000.0
jpn,storm,1991,351.0
jpn,storm,1996,264.0
jpn,storm,1999,6900.0
jpn,storm,2001,12.0
jpn,storm,2006,99.0
jpn,volcanic_activity,1983,1100.0
kaz,flood,2010,5000.0
kaz,flood,2011,3762.0
ken,flood,1996,1000.0
ken,flood,1998,200.0
ken,flood,2011,5000.0
ken,miscellaneous_accident,1997,10000.0
ken,miscellaneous_accident,2004,30000.0
ken,miscellaneous_accident,2011,9414.0
kgz,earthquake,1992,32538.0
kgz,earthquake,1997,30.0
kgz,earthquake,2006,50.0
kgz,earthquake,2008,1055.0
kgz,earthquake,2015,5290.0
kgz,flood,1998,7728.0
kgz,flood,2005,2050.0
kgz,landslide,1994,13500.0
kgz,landslide,2002,522.0
kgz,landslide,2003,53.0
kgz,landslide,2004,80.0
kgz,miscellaneous_accident,1998,100.0
khm,flood,1991,250000.0
khm,flood,1999,25805.0
khm,flood,2014,57950.0
khm,miscellaneous_accident,2001,20000.0
kir,flood,2008,85.0
kna,storm,1989,1300.0
kna,storm,1999,100.0
kor,flood,1965,23214.0
kor,flood,1966,65630.0
kor,flood,1972,326000.0
kor,flood,1987,154000.0
kor,flood,1991,1500.0
kor,flood,1992,123.0
kor,flood,1996,28500.0
kor,flood,1997,115.0
kor,flood,1998,121000.0
kor,flood,1999,5800.0
kor,flood,2000,2586.0
kor,flood,2005,1500.0
kor,landslide,2011,2000.0
kor,miscellaneous_accident,1994,336.0
kor,storm,1964,43000.0
kor,storm,1992,58.0
kor,storm,1993,8496.0
kor,storm,1994,86.0
kor,storm,1995,2600.0
kor,storm,1998,2376.0
kor,storm,1999,514.0
kor,storm,2000,711.0
kor,storm,2003,15000.0
kor,storm,2004,2922.0
kor,storm,2007,600.0
kor,wildfire,2000,840.0
kor,wildfire,2004,155.0
kor,wildfire,2005,340.0
lao,flood,1966,2000.0
lao,flood,1968,600.0
lao,flood,1971,15000.0
lao,flood,2015,45.0
lao,storm,1995,1000000.0
lbn,storm,1992,4000.0
lbr,flood,2008,340.0
lbr,storm,1995,2000.0
lbr,storm,2007,3500.0
lca,storm,1980,10000.0
lca,storm,1994,150.0
lca,storm,1999,200.0
lka,earthquake,2004,480000.0
lka,flood,1966,100000.0
lka,flood,1983,250000.0
lka,flood,1984,390000.0
lka,flood,1989,200000.0
lka,flood,1991,197151.0
lka,flood,1992,261140.0
lka,flood,1993,40000.0
lka,flood,1994,728150.0
lka,flood,1995,120000.0
lka,flood,1996,10000.0
lka,flood,1998,75000.0
lka,flood,1999,375000.0
lka,flood,2001,160.0
lka,flood,2009,60000.0
lka,flood,2011,1060273.0
lka,landslide,2014,330.0
lka,miscellaneous_accident,1986,8000.0
lka,storm,1964,100000.0
lka,storm,2012,69000.0
lka,storm,2013,3861.0
lso,storm,1996,20.0
lso,storm,2001,1000.0
lso,storm,2014,2600.0
mac,miscellaneous_accident,1976,614.0
mac,storm,1993,2748.0
mar,earthquake,2004,12539.0
mar,flood,1977,38000.0
mar,flood,1979,732.0
mar,landslide,1982,2216.0
mda,flood,1997,96.0
mda,flood,1999,753.0
mda,storm,1994,25500.0
mdg,flood,2003,3582.0
mdg,flood,2005,900.0
mdg,flood,2015,24000.0
mdg,storm,1968,10000.0
mdg,storm,1969,3000.0
mdg,storm,1972,10000.0
mdg,storm,1976,8850.0
mdg,storm,1982,70000.0
mdg,storm,1991,125000.0
mdg,storm,1994,40000.0
mdg,storm,1997,80000.0
mdg,storm,2002,5000.0
mdg,storm,2003,48023.0
mdg,storm,2004,258450.0
mdg,storm,2005,7977.0
mdg,storm,2006,404.0
mdg,storm,2007,12000.0
mdg,storm,2008,194338.0
mdg,storm,2009,8102.0
mdg,storm,2011,25845.0
mdg,storm,2014,1736.0
mdg,storm,2015,182400.0
mdv,earthquake,2004,13000.0
mdv,storm,1991,23849.0
mex,earthquake,1985,100000.0
mex,earthquake,1995,12275.0
mex,earthquake,2012,4000.0
mex,extreme_temperature,1992,16000.0
mex,flood,1987,200.0
mex,flood,1991,44000.0
mex,flood,1993,32790.0
mex,flood,1999,86000.0
mex,flood,2003,3000.0
mex,flood,2011,40000.0
mex,industrial_accident,1984,4000.0
mex,industrial_accident,1988,60.0
mex,industrial_accident,1991,1600.0
mex,industrial_accident,1992,15000.0
mex,landslide,1998,120.0
mex,storm,1966,10000.0
mex,storm,1976,100000.0
mex,storm,1983,32500.0
mex,storm,1988,25000.0
mex,storm,1991,200.0
mex,storm,1993,23000.0
mex,storm,1995,46000.0
mex,storm,1996,18750.0
mex,storm,1997,50000.0
mex,storm,1999,2000.0
mex,storm,2001,800.0
mex,storm,2005,300000.0
mex,storm,2007,30000.0
mex,storm,2015,741.0
mex,volcanic_activity,1982,15000.0
mhl,storm,1991,6000.0
mkd,flood,2002,150.0
mli,flood,1988,10000.0
mli,flood,1998,4650.0
mli,flood,1999,200.0
mli,flood,2003,10000.0
mli,flood,2005,1860.0
mli,flood,2006,1000.0
mli,flood,2007,46162.0
mli,flood,2008,2500.0
mli,miscellaneous_accident,2006,5000.0
mmr,earthquake,2004,3200.0
mmr,earthquake,2011,3152.0
mmr,flood,1976,200000.0
mmr,flood,1995,12401.0
mmr,flood,1997,33768.0
mmr,flood,1999,50000.0
mmr,flood,2001,3750.0
mmr,flood,2007,4237.0
mmr,landslide,2015,1200.0
mmr,miscellaneous_accident,1989,22324.0
mmr,miscellaneous_accident,1991,2800.0
mmr,miscellaneous_accident,1993,1757.0
mmr,miscellaneous_accident,1994,5000.0
mmr,miscellaneous_accident,1995,4558.0
mmr,storm,1926,40000.0
mmr,storm,1936,150000.0
mmr,storm,1963,200.0
mmr,storm,1968,30000.0
mmr,storm,1978,54000.0
mmr,storm,2004,25000.0
mmr,wildfire,1981,20000.0
mne,miscellaneous_accident,2012,800.0
mng,flood,1966,20000.0
mng,flood,2003,150.0
mnp,storm,2002,300.0
moz,earthquake,2006,1440.0
moz,flood,1977,40000.0
moz,flood,2002,500.0
moz,flood,2005,9000.0
moz,flood,2007,3500.0
moz,landslide,1998,2500.0
moz,storm,1978,25000.0
moz,storm,1994,500000.0
moz,storm,2000,1050.0
moz,storm,2002,4000.0
moz,storm,2008,55000.0
moz,storm,2009,6500.0
moz,wildfire,2008,3000.0
mrt,flood,1985,900.0
mrt,flood,1995,192.0
mrt,flood,1999,20000.0
mrt,flood,2001,3000.0
mrt,flood,2003,21000.0
mrt,flood,2006,10600.0
mrt,flood,2013,2305.0
mrt,storm,1999,160.0
msr,storm,1989,12000.0
mtq,storm,1993,3000.0
mtq,storm,1999,200.0
mus,storm,1967,3500.0
mus,storm,1979,5000.0
mus,storm,1991,1500.0
mus,storm,1994,1500.0
mus,storm,2002,1000.0
mwi,earthquake,1989,50000.0
mwi,earthquake,2009,20550.0
mwi,flood,1989,100000.0
mwi,flood,1991,150000.0
mwi,flood,1995,1300.0
mwi,flood,2003,1000.0
mwi,flood,2005,44500.0
mwi,flood,2006,16000.0
mwi,flood,2007,2659.0
mwi,storm,2015,350.0
mys,earthquake,2004,4296.0
mys,flood,1967,15000.0
mys,flood,1993,5000.0
mys,flood,2004,15000.0
mys,flood,2007,29000.0
mys,landslide,1996,250.0
mys,storm,1996,3000.0
mys,wildfire,1995,3000.0
ncl,storm,2003,1000.0
ner,flood,1994,61992.0
ner,flood,1998,20000.0
ner,flood,1999,12789.0
ner,flood,2006,46472.0
ner,flood,2010,6615.0
ner,flood,2011,28175.0
nga,flood,1988,300000.0
nga,flood,1994,400000.0
nga,flood,1998,107000.0
nga,flood,1999,37000.0
nga,flood,2000,5000.0
nga,flood,2001,5802.0
nga,flood,2002,200.0
nga,flood,2005,3000.0
nga,flood,2006,10000.0
nga,flood,2011,500.0
nga,industrial_accident,2000,100.0
nga,landslide,1988,1500.0
nga,landslide,2000,300.0
nga,miscellaneous_accident,1999,1000.0
nga,miscellaneous_accident,2004,5000.0
nga,miscellaneous_accident,2005,10000.0
nga,storm,2000,1000.0
nic,earthquake,1972,300000.0
nic,earthquake,1998,10.0
nic,earthquake,2000,5650.0
nic,flood,1968,260.0
nic,flood,1999,7105.0
nic,flood,2002,3004.0
nic,industrial_accident,1983,2500.0
nic,miscellaneous_accident,1987,33.0
nic,storm,1971,1800.0
nic,storm,1988,60000.0
nic,storm,2005,5763.0
nic,volcanic_activity,1971,600.0
niu,storm,2004,500.0
npl,earthquake,1980,35000.0
npl,flood,1978,700.0
npl,flood,1985,2000.0
npl,flood,1995,3000.0
npl,flood,1996,13650.0
npl,flood,1998,50000.0
npl,flood,2003,15575.0
npl,flood,2013,4314.0
npl,landslide,1993,200.0
npl,landslide,2006,80000.0
npl,wildfire,1992,50000.0
npl,wildfire,1999,4000.0
nzl,earthquake,2011,300.0
nzl,flood,2005,400.0
nzl,miscellaneous_accident,1986,600.0
omn,storm,1977,1500.0
pak,earthquake,1974,5200.0
pak,earthquake,1991,29465.0
pak,earthquake,1992,2000.0
pak,earthquake,1997,10000.0
pak,earthquake,1998,600.0
pak,earthquake,2002,4000.0
pak,earthquake,2004,2320.0
pak,earthquake,2005,5000000.0
pak,earthquake,2015,133900.0
pak,flood,1977,245000.0
pak,flood,1978,10000.0
pak,flood,1984,2000.0
pak,flood,1988,1000000.0
pak,flood,1992,2951315.0
pak,flood,1997,15000.0
pak,flood,1999,1000.0
pak,flood,2002,1000.0
pak,flood,2005,3500.0
pak,flood,2006,5600.0
pak,landslide,1992,200.0
pak,landslide,1993,100.0
pak,landslide,1998,3000.0
pak,miscellaneous_accident,1996,3500.0
pak,miscellaneous_accident,2009,200.0
pak,miscellaneous_accident,2014,2000.0
pak,storm,1944,10000.0
pak,storm,1999,221090.0
pak,storm,2001,500.0
pak,storm,2003,2500.0
pan,earthquake,1991,9000.0
pan,earthquake,2003,340.0
pan,flood,1966,1000.0
pan,flood,1986,2500.0
pan,flood,1999,395.0
pan,flood,2000,1000.0
pan,flood,2001,775.0
pan,flood,2002,1500.0
pan,flood,2006,1290.0
pan,miscellaneous_accident,2007,725.0
pan,storm,1988,2000.0
per,earthquake,1966,49256.0
per,earthquake,1972,75000.0
per,earthquake,1979,100.0
per,earthquake,1985,300.0
per,earthquake,1986,100.0
per,earthquake,1990,30000.0
per,earthquake,1996,20780.0
per,earthquake,1999,1050.0
per,earthquake,2001,124865.0
per,earthquake,2011,1705.0
per,earthquake,2012,1385.0
per,extreme_temperature,2013,5247.0
per,flood,1967,10000.0
per,flood,1970,5000.0
per,flood,1977,300.0
per,flood,1978,5000.0
per,flood,1981,5000.0
per,flood,1982,5000.0
per,flood,1987,500.0
per,flood,1989,500.0
per,flood,1990,2500.0
per,flood,1994,12000.0
per,flood,1999,250000.0
per,flood,2000,50.0
per,flood,2003,3950.0
per,flood,2006,325.0
per,flood,2012,50000.0
per,flood,2014,2700.0
per,landslide,1974,1500.0
per,landslide,1985,4000.0
per,landslide,1986,366.0
per,landslide,1987,340.0
per,landslide,1988,1000.0
per,landslide,1999,1200.0
per,landslide,2001,150.0
per,landslide,2004,70.0
per,landslide,2009,150.0
per,landslide,2010,1000.0
phl,earthquake,1994,3985.0
phl,earthquake,2009,10.0
phl,flood,1972,370647.0
phl,flood,1991,823.0
phl,flood,1992,162.0
phl,flood,1994,17054.0
phl,flood,1995,10000.0
phl,flood,1996,96000.0
phl,flood,1999,4655.0
phl,flood,2000,5250.0
phl,flood,2004,1500.0
phl,flood,2008,50000.0
phl,flood,2012,35762.0
phl,landslide,1994,22977.0
phl,landslide,1999,35.0
phl,miscellaneous_accident,1978,165.0
phl,miscellaneous_accident,1980,9300.0
phl,miscellaneous_accident,1981,1200.0
phl,miscellaneous_accident,1982,9000.0
phl,miscellaneous_accident,1983,2500.0
phl,miscellaneous_accident,1985,10000.0
phl,miscellaneous_accident,1989,750.0
phl,miscellaneous_accident,2004,20200.0
phl,miscellaneous_accident,2005,4500.0
phl,miscellaneous_accident,2006,11200.0
phl,miscellaneous_accident,2007,13997.0
phl,miscellaneous_accident,2008,5000.0
phl,miscellaneous_accident,2010,2000.0
phl,miscellaneous_accident,2011,30000.0
phl,miscellaneous_accident,2015,7500.0
phl,storm,1932,2500.0
phl,storm,1963,2000.0
phl,storm,1966,90000.0
phl,storm,1968,39313.0
phl,storm,1970,67200.0
phl,storm,1971,46500.0
phl,storm,1972,27000.0
phl,storm,1973,45000.0
phl,storm,1974,6441.0
phl,storm,1975,698.0
phl,storm,1976,110.0
phl,storm,1977,15679.0
phl,storm,1978,22911.0
phl,storm,1979,61535.0
phl,storm,1980,540079.0
phl,storm,1981,11458.0
phl,storm,1982,329083.0
phl,storm,1983,29860.0
phl,storm,1984,1321526.0
phl,storm,1985,256.0
phl,storm,1986,6633.0
phl,storm,1987,325139.0
phl,storm,1988,66321.0
phl,storm,1989,161364.0
phl,storm,1990,1110020.0
phl,storm,1991,74250.0
phl,storm,1992,9105.0
phl,storm,1993,249122.0
phl,storm,1994,331771.0
phl,storm,1995,106000.0
phl,storm,1999,5091.0
phl,storm,2000,120000.0
phl,storm,2001,100000.0
phl,storm,2002,3000.0
phl,storm,2003,83203.0
phl,storm,2004,7200.0
phl,storm,2008,4645.0
phl,storm,2009,100.0
phl,storm,2015,3300.0
phl,volcanic_activity,1965,8000.0
phl,volcanic_activity,1968,6000.0
phl,volcanic_activity,1991,5800.0
phl,volcanic_activity,1993,57000.0
phl,volcanic_activity,1995,2500.0
png,earthquake,1993,10000.0
png,earthquake,2000,5000.0
png,earthquake,2001,200.0
png,earthquake,2002,1000.0
png,earthquake,2005,200.0
png,flood,1993,40000.0
png,flood,1999,38000.0
png,flood,2006,12000.0
png,landslide,1991,5000.0
png,landslide,2006,10000.0
png,storm,1993,15000.0
png,storm,1997,7500.0
png,volcanic_activity,1994,46000.0
pol,flood,1982,1824.0
pol,flood,1997,62000.0
pri,flood,2001,180.0
pri,storm,2003,100.0
pri,storm,2011,771.0
prk,flood,1995,500000.0
prk,flood,1997,29000.0
prk,flood,1999,2905.0
prk,flood,2001,30000.0
prk,flood,2002,19637.0
prk,flood,2004,199255.0
prk,flood,2005,16093.0
prk,flood,2006,84500.0
prk,flood,2007,170000.0
prk,flood,2013,48688.0
prk,storm,2000,147000.0
prk,storm,2007,1649.0
prk,storm,2012,33500.0
prk,transport_accident,2004,9250.0
prt,flood,1979,10000.0
prt,flood,2001,200.0
prt,flood,2002,60.0
prt,flood,2008,38.0
prt,miscellaneous_accident,1988,200.0
prt,storm,1997,200.0
prt,storm,2000,60.0
prt,storm,2013,46.0
pry,flood,1966,2500.0
pry,flood,1979,70000.0
pry,flood,1988,15000.0
pry,storm,2002,12500.0
pry,storm,2011,2000.0
pse,flood,2010,500.0
reu,storm,2000,600.0
reu,storm,2002,2800.0
rou,earthquake,1977,175000.0
rou,earthquake,1991,4000.0
rou,flood,1991,8000.0
rou,flood,1995,5000.0
rou,flood,1997,122320.0
rou,flood,1999,590.0
rou,flood,2000,431.0
rou,flood,2002,3900.0
rou,flood,2003,600.0
rou,flood,2005,800.0
rou,flood,2006,5000.0
rou,landslide,1999,330.0
rou,storm,1993,200.0
rou,storm,1994,5400.0
rou,storm,2000,300.0
rus,earthquake,1994,2100.0
rus,earthquake,1999,5240.0
rus,earthquake,2000,19100.0
rus,earthquake,2003,1800.0
rus,earthquake,2007,7500.0
rus,flood,1994,429.0
rus,flood,1998,36000.0
rus,flood,1999,1200.0
rus,flood,2002,1500.0
rus,flood,2012,5500.0
rus,industrial_accident,1994,3000.0
rus,storm,1995,1200.0
rus,storm,2001,400.0
rus,wildfire,1996,600.0
rus,wildfire,1998,683.0
rus,wildfire,2002,120.0
rus,wildfire,2004,1000.0
rus,wildfire,2010,1200.0
rus,wildfire,2012,252.0
rwa,flood,2003,7000.0
rwa,landslide,2010,5920.0
sau,flood,1985,5000.0
sau,flood,2009,10000.0
scg,flood,1992,6000.0
scg,flood,1999,10369.0
scg,flood,2005,1845.0
scg,wildfire,2000,12.0
sdn,flood,1983,30000.0
sdn,flood,1988,1000000.0
sdn,flood,1993,2000.0
sdn,flood,1996,55700.0
sdn,flood,1998,100000.0
sdn,flood,1999,45000.0
sdn,flood,2005,4780.0
sdn,flood,2006,6000.0
sdn,flood,2007,200000.0
sdn,flood,2010,10000.0
sdn,industrial_accident,2005,4000.0
sdn,miscellaneous_accident,1999,1150.0
sdn,miscellaneous_accident,2002,3500.0
sen,flood,1988,10000.0
sen,flood,1994,17500.0
sen,flood,2003,6492.0
sen,industrial_accident,2001,250.0
sen,storm,1999,30000.0
sen,storm,2004,1000.0
slb,earthquake,1988,500.0
slb,storm,1968,200.0
slb,storm,1986,60000.0
slb,storm,2002,1100.0
slb,storm,2003,150.0
slb,storm,2010,590.0
slb,storm,2015,400.0
sle,wildfire,2013,2257.0
slv,earthquake,1965,48000.0
slv,earthquake,1982,2500.0
slv,earthquake,1986,250000.0
slv,storm,1997,2000.0
slv,storm,2009,15000.0
slv,storm,2010,2800.0
som,flood,1987,30000.0
som,flood,1997,230000.0
som,flood,2000,220000.0
som,flood,2004,1500.0
som,flood,2005,2500.0
som,flood,2007,2000.0
som,flood,2010,200.0
som,flood,2012,20000.0
som,miscellaneous_accident,2005,2000.0
som,miscellaneous_accident,2006,5000.0
spi,wildfire,2007,105.0
srb,earthquake,2010,1470.0
sun,earthquake,1983,14000.0
sun,earthquake,1984,20000.0
sun,earthquake,1986,4500.0
sun,earthquake,1988,530000.0
sun,earthquake,1990,24500.0
sun,earthquake,1991,160000.0
sun,flood,1981,2000.0
sun,flood,1982,586.0
sun,flood,1987,16000.0
sun,landslide,1989,2500.0
sun,transport_accident,1988,200.0
svk,flood,1998,756.0
svk,flood,1999,941.0
svn,earthquake,1998,700.0
svn,storm,2007,1050.0
swz,storm,1984,500.0
swz,storm,2005,260.0
syc,earthquake,2004,70.0
syc,flood,1997,110.0
syr,flood,1974,75000.0
syr,miscellaneous_accident,2002,2000.0
tcd,flood,1985,500.0
tcd,flood,1995,40343.0
tcd,flood,1998,1000.0
tcd,flood,1999,45000.0
tcd,flood,2008,6450.0
tcd,flood,2009,5795.0
tgo,flood,1994,1500.0
tgo,flood,1995,75000.0
tgo,flood,2007,13374.0
tha,flood,1966,5000.0
tha,flood,1991,2100.0
tha,flood,1993,30328.0
tha,flood,1994,62141.0
tha,flood,1995,56984.0
tha,flood,1999,200.0
tha,flood,2001,4730.0
tha,flood,2013,15254.0
tha,industrial_accident,1991,5000.0
tha,landslide,2002,33000.0
tha,miscellaneous_accident,1994,3000.0
tha,miscellaneous_accident,2000,800.0
tha,miscellaneous_accident,2004,3500.0
tha,miscellaneous_accident,2010,300.0
tha,storm,1989,45000.0
tha,storm,1991,35407.0
tha,storm,1992,27120.0
tha,storm,1993,60.0
tha,storm,2002,3104.0
tha,storm,2004,50.0
tha,storm,2008,1000.0
tha,storm,2014,2000.0
tjk,earthquake,2002,500.0
tjk,earthquake,2010,1134.0
tjk,flood,1994,1051.0
tjk,flood,1998,916.0
tjk,flood,1999,3003.0
tjk,flood,2002,2990.0
tjk,flood,2003,780.0
tjk,flood,2005,345.0
tjk,flood,2007,125.0
tjk,flood,2014,425.0
tjk,landslide,1993,60357.0
tjk,landslide,2001,150.0
tjk,landslide,2005,390.0
tjk,storm,1999,1500.0
tkl,storm,1987,30.0
tkl,storm,1990,102.0
tkl,storm,2005,25.0
tkm,flood,1993,120.0
ton,earthquake,1977,500.0
ton,storm,1973,200.0
ton,storm,1982,46500.0
ton,storm,1990,500.0
ton,storm,1997,3000.0
tto,earthquake,1997,15.0
tto,flood,1993,10.0
tto,volcanic_activity,1997,200.0
tun,flood,1986,2500.0
tur,earthquake,1967,87000.0
tur,earthquake,1971,27465.0
tur,earthquake,1976,51000.0
tur,earthquake,1978,2500.0
tur,earthquake,1983,33000.0
tur,earthquake,1985,65.0
tur,earthquake,1986,250.0
tur,earthquake,1992,95000.0
tur,earthquake,1995,40000.0
tur,earthquake,1996,9000.0
tur,earthquake,1998,88100.0
tur,earthquake,1999,655000.0
tur,earthquake,2002,30000.0
tur,earthquake,2003,45000.0
tur,earthquake,2011,32075.0
tur,flood,1988,500.0
tur,flood,1995,6500.0
tur,flood,1998,40000.0
tur,flood,2004,50000.0
tur,flood,2007,36.0
tur,flood,2015,1500.0
tur,industrial_accident,1979,3.0
tur,landslide,1988,185.0
tur,landslide,1995,2000.0
tur,landslide,2010,200.0
tur,wildfire,2000,350.0
tur,wildfire,2008,300.0
tuv,storm,1990,400.0
tuv,storm,1993,150.0
twn,earthquake,1964,23000.0
twn,earthquake,1999,100000.0
twn,storm,2000,2000.0
twn,storm,2001,2000.0
twn,storm,2007,1800.0
tza,earthquake,2000,35.0
tza,earthquake,2001,700.0
tza,earthquake,2002,2000.0
tza,flood,1964,3900.0
tza,flood,1974,18000.0
tza,flood,1986,6000.0
tza,flood,1990,20868.0
tza,flood,1993,280.0
tza,flood,1994,7000.0
tza,flood,1995,20000.0
tza,flood,1997,2104.0
tza,flood,2000,1800.0
tza,flood,2001,200.0
tza,flood,2006,21500.0
tza,flood,2008,1942.0
tza,flood,2011,6776.0
tza,flood,2015,5000.0
tza,landslide,2001,150.0
tza,storm,1994,2500.0
uga,flood,1997,3500.0
uga,flood,1998,2200.0
uga,flood,2001,300.0
uga,flood,2002,100.0
uga,flood,2003,1500.0
uga,flood,2004,20000.0
uga,flood,2007,282975.0
uga,landslide,2012,3368.0
uga,miscellaneous_accident,2000,4000.0
uga,miscellaneous_accident,2003,10000.0
uga,miscellaneous_accident,2005,50000.0
uga,storm,2000,10000.0
uga,storm,2002,100.0
ukr,flood,1998,24340.0
ukr,flood,2013,1995.0
ukr,industrial_accident,2015,3082.0
ukr,storm,2007,1267.0
ury,flood,1986,2500.0
ury,flood,2002,2500.0
ury,flood,2007,10000.0
ury,storm,1997,500.0
ury,storm,1999,1000.0
ury,storm,2000,100.0
ury,storm,2002,200.0
usa,earthquake,1989,15.0
usa,earthquake,1994,20000.0
usa,earthquake,2000,104.0
usa,earthquake,2003,120.0
usa,flood,1980,6000.0
usa,flood,1984,5500.0
usa,flood,1997,400.0
usa,flood,1998,5000.0
usa,flood,2000,2000.0
usa,flood,2001,4500.0
usa,flood,2009,900.0
usa,flood,2011,11000.0
usa,flood,2013,5400.0
usa,industrial_accident,1994,300.0
usa,landslide,2014,150.0
usa,miscellaneous_accident,2000,120.0
usa,miscellaneous_accident,2002,200.0
usa,miscellaneous_accident,2004,100.0
usa,miscellaneous_accident,2010,111.0
usa,storm,1980,400.0
usa,storm,1982,15500.0
usa,storm,1983,6000.0
usa,storm,1985,20000.0
usa,storm,1989,25000.0
usa,storm,1992,250000.0
usa,storm,1993,300.0
usa,storm,1994,1000.0
usa,storm,1995,2000.0
usa,storm,1998,1579.0
usa,storm,1999,6990.0
usa,storm,2000,3585.0
usa,storm,2001,71398.0
usa,storm,2002,432.0
usa,storm,2003,15231.0
usa,storm,2004,753.0
usa,storm,2005,132.0
usa,storm,2007,200.0
usa,storm,2011,15000.0
usa,storm,2012,267.0
usa,storm,2013,600.0
usa,storm,2014,30.0
usa,volcanic_activity,1980,2500.0
usa,wildfire,1991,300.0
usa,wildfire,1992,540.0
usa,wildfire,1994,30.0
usa,wildfire,1998,65.0
usa,wildfire,1999,219.0
usa,wildfire,2000,685.0
usa,wildfire,2002,2977.0
usa,wildfire,2003,750.0
usa,wildfire,2004,282.0
usa,wildfire,2005,1410.0
usa,wildfire,2006,267.0
usa,wildfire,2007,927.0
usa,wildfire,2008,300.0
usa,wildfire,2009,426.0
usa,wildfire,2011,6100.0
usa,wildfire,2012,1038.0
usa,wildfire,2013,2247.0
usa,wildfire,2015,7431.0
uzb,mass_movement_dry,1992,400.0
uzb,miscellaneous_accident,1998,3500.0
uzb,miscellaneous_accident,1999,60.0
uzb,miscellaneous_accident,2008,3500.0
vct,flood,2013,500.0
vct,storm,1980,500.0
vct,storm,1987,200.0
vct,storm,2010,100.0
ven,earthquake,1986,800.0
ven,earthquake,1989,2000.0
ven,earthquake,1997,3500.0
ven,flood,1996,16500.0
ven,flood,1997,18000.0
ven,flood,1999,122888.0
ven,flood,2003,200.0
ven,flood,2004,4000.0
ven,flood,2005,1650.0
ven,flood,2006,40.0
ven,flood,2011,2000.0
ven,landslide,1987,1700.0
ven,landslide,1994,500.0
ven,storm,1993,5500.0
ven,storm,2004,80.0
vir,storm,1989,8000.0
vir,storm,1995,10000.0
vnm,flood,1966,70361.0
vnm,flood,1978,79000.0
vnm,flood,1991,600.0
vnm,flood,1992,7579.0
vnm,flood,1998,1470.0
vnm,flood,1999,143555.0
vnm,flood,2003,13880.0
vnm,flood,2005,18205.0
vnm,flood,2006,2000.0
vnm,flood,2012,17500.0
vnm,flood,2013,2070.0
vnm,industrial_accident,2013,30.0
vnm,landslide,1992,38000.0
vnm,landslide,1994,1000.0
vnm,miscellaneous_accident,2001,500.0
vnm,storm,1980,664500.0
vnm,storm,1983,601360.0
vnm,storm,1984,1000.0
vnm,storm,1985,225000.0
vnm,storm,1987,352000.0
vnm,storm,1989,781000.0
vnm,storm,1990,2000.0
vnm,storm,1991,455905.0
vnm,storm,1992,3210.0
vnm,storm,1993,12185.0
vnm,storm,1997,383045.0
vnm,storm,1998,43510.0
vnm,storm,2000,11860.0
vnm,storm,2001,23100.0
vnm,storm,2003,5000.0
vnm,storm,2006,350680.0
vnm,storm,2007,47525.0
vnm,storm,2008,12660.0
vnm,storm,2009,108635.0
vnm,storm,2010,1620.0
vnm,storm,2012,279545.0
vnm,storm,2013,375.0
vnm,storm,2015,115.0
vut,earthquake,1999,2000.0
vut,landslide,1988,3000.0
vut,storm,1988,3600.0
vut,storm,1993,7000.0
vut,storm,2001,295.0
wsm,storm,1990,25000.0
wsm,storm,1991,3000.0
yem,earthquake,1991,40000.0
yem,flood,1991,30000.0
yem,flood,1993,12500.0
yem,flood,1996,114210.0
yem,flood,1999,7500.0
yem,flood,2002,440.0
yem,flood,2005,500.0
yem,flood,2006,2300.0
yem,flood,2010,1000.0
ymd,flood,1982,50000.0
ymd,flood,1989,80000.0
ymd,miscellaneous_accident,1974,500.0
ymn,drought,1969,20000.0
ymn,flood,1973,2250.0
ymn,flood,1989,150000.0
yug,earthquake,1967,5400.0
yug,earthquake,1969,85000.0
yug,earthquake,1979,10000.0
yug,flood,1964,40000.0
zaf,flood,1981,185.0
zaf,flood,1993,15000.0
zaf,flood,1996,500.0
zaf,flood,2000,200.0
zaf,flood,2004,15000.0
zaf,miscellaneous_accident,2000,6500.0
zaf,miscellaneous_accident,2007,2000.0
zaf,miscellaneous_accident,2013,4000.0
zaf,miscellaneous_accident,2015,5500.0
zaf,storm,1994,2000.0
zaf,storm,1999,5300.0
zaf,storm,2000,200.0
zaf,storm,2001,600.0
zaf,storm,2003,600.0
zaf,storm,2008,3500.0
zaf,storm,2011,3500.0
zaf,wildfire,1999,3000.0
zaf,wildfire,2000,250.0
zaf,wildfire,2002,1000.0
zaf,wildfire,2007,1600.0
zmb,flood,2003,11000.0
zmb,flood,2014,20000.0
zmb,landslide,2010,150.0
zwe,flood,2000,66000.0
zwe,storm,2015,475.0
