country,disaster,year,total_damage
afg,drought,1969,200.0
afg,drought,2000,50.0
afg,drought,2011,142000.0
afg,earthquake,1956,25000.0
afg,earthquake,1982,1000.0
afg,earthquake,1983,3000.0
afg,earthquake,1984,5000.0
afg,earthquake,1997,10.0
afg,earthquake,1998,20000.0
afg,earthquake,2005,50.0
afg,extreme_temperature,2001,10.0
afg,flood,1978,52000.0
afg,flood,1988,260000.0
afg,flood,1991,60000.0
afg,flood,1992,4000.0
afg,flood,2009,20000.0
afg,flood,2014,3000.0
afg,landslide,2015,3000.0
afg,storm,2005,5000.0
ago,flood,2000,10000.0
aia,storm,1960,35000.0
aia,storm,1983,160.0
aia,storm,1984,2115.0
aia,storm,1999,50.0
alb,flood,1992,7000.0
alb,flood,2002,17500.0
alb,flood,2004,173.0
ant,storm,1989,50000.0
ant,storm,1995,1000000.0
are,industrial_accident,1993,7000.0
arg,drought,2003,120000.0
arg,earthquake,1977,80000.0
arg,flood,1966,30000.0
arg,flood,1967,3000.0
arg,flood,1970,25000.0
arg,flood,1983,1800000.0
arg,flood,1985,1530000.0
arg,flood,1988,490000.0
arg,flood,1992,510000.0
arg,flood,1993,1092000.0
arg,flood,1998,1100000.0
arg,flood,2000,300000.0
arg,flood,2001,750000.0
arg,flood,2003,1028210.0
arg,flood,2007,40000.0
arg,flood,2013,1300000.0
arg,flood,2014,62000.0
arg,landslide,2009,15000.0
arg,storm,1987,10000.0
arg,storm,1993,50000.0
arg,storm,2001,15000.0
arg,storm,2012,10000.0
arg,storm,2015,17200.0
arg,volcanic_activity,2011,104000.0
arg,wildfire,1987,100000.0
arm,drought,2000,100000.0
arm,earthquake,1997,33333.0
arm,flood,1997,8000.0
arm,flood,1998,120.0
arm,storm,2013,60000.0
asm,flood,2003,50000.0
asm,storm,1989,5000.0
asm,storm,2004,150000.0
atg,storm,1950,1000.0
atg,storm,1989,80000.0
atg,storm,1995,350000.0
atg,storm,1998,100000.0
atg,storm,2010,12600.0
aus,drought,1967,600000.0
aus,drought,1981,6000000.0
aus,drought,1991,473000.0
aus,drought,1992,1500000.0
aus,drought,2002,2000000.0
aus,earthquake,1968,2600.0
aus,earthquake,1979,7075.0
aus,earthquake,1989,1000000.0
aus,flood,1971,20000.0
aus,flood,1973,71000.0
aus,flood,1974,5972.0
aus,flood,1975,54684.0
aus,flood,1977,17686.0
aus,flood,1978,20710.0
aus,flood,1981,199515.0
aus,flood,1984,3000.0
aus,flood,1985,5778.0
aus,flood,1986,64200.0
aus,flood,1988,68055.0
aus,flood,1990,273700.0
aus,flood,1993,4600.0
aus,flood,1996,336300.0
aus,flood,1998,384000.0
aus,flood,2000,265000.0
aus,flood,2001,225000.0
aus,flood,2003,77000.0
aus,flood,2004,52500.0
aus,flood,2005,58000.0
aus,flood,2007,1300000.0
aus,flood,2008,2065000.0
aus,flood,2009,150000.0
aus,flood,2010,7409000.0
aus,flood,2012,588000.0
aus,flood,2015,400000.0
aus,insect_infestation,2000,120000.0
aus,storm,1970,72475.0
aus,storm,1971,119219.0
aus,storm,1974,1096717.0
aus,storm,1975,63861.0
aus,storm,1976,107011.0
aus,storm,1977,48949.0
aus,storm,1978,1066614.0
aus,storm,1979,49969.0
aus,storm,1980,94928.0
aus,storm,1981,7895.0
aus,storm,1982,31085.0
aus,storm,1983,10012.0
aus,storm,1985,129255.0
aus,storm,1986,201639.0
aus,storm,1988,20417.0
aus,storm,1989,107911.0
aus,storm,1990,544700.0
aus,storm,1991,1560.0
aus,storm,1992,378000.0
aus,storm,1994,77600.0
aus,storm,1995,228700.0
aus,storm,1996,599533.0
aus,storm,1999,2196300.0
aus,storm,2000,150000.0
aus,storm,2001,6600.0
aus,storm,2003,93000.0
aus,storm,2004,60000.0
aus,storm,2005,42000.0
aus,storm,2006,1182354.0
aus,storm,2007,100000.0
aus,storm,2008,450000.0
aus,storm,2009,60000.0
aus,storm,2010,2720000.0
aus,storm,2011,2500000.0
aus,storm,2013,2000000.0
aus,storm,2014,1000000.0
aus,storm,2015,1981000.0
aus,wildfire,1967,68500.0
aus,wildfire,1968,1000.0
aus,wildfire,1977,24760.0
aus,wildfire,1979,4090.0
aus,wildfire,1980,25975.0
aus,wildfire,1983,400000.0
aus,wildfire,1985,33169.0
aus,wildfire,1994,150000.0
aus,wildfire,1997,6700.0
aus,wildfire,2001,90000.0
aus,wildfire,2002,50000.0
aus,wildfire,2003,300000.0
aus,wildfire,2005,40000.0
aus,wildfire,2006,100000.0
aus,wildfire,2009,1300000.0
aus,wildfire,2011,54000.0
aus,wildfire,2013,366000.0
aus,wildfire,2014,125000.0
aus,wildfire,2015,351000.0
aut,extreme_temperature,2003,280000.0
aut,flood,1991,82000.0
aut,flood,1995,200.0
aut,flood,1996,5000.0
aut,flood,1997,175000.0
aut,flood,1999,32000.0
aut,flood,2002,2400000.0
aut,flood,2005,700000.0
aut,flood,2009,200000.0
aut,flood,2013,1000000.0
aut,landslide,1999,41570.0
aut,storm,1990,250000.0
aut,storm,1991,28000.0
aut,storm,1993,1000.0
aut,storm,1994,2000.0
aut,storm,2000,20000.0
aut,storm,2002,5000.0
aut,storm,2007,400000.0
aut,storm,2008,500000.0
aut,storm,2009,500000.0
aut,transport_accident,1995,120000.0
aze,drought,2000,100000.0
aze,earthquake,1999,5000.0
aze,earthquake,2000,10000.0
aze,flood,1995,16200.0
aze,flood,1997,25000.0
aze,flood,2003,55000.0
azo,earthquake,1998,72000.0
azo,landslide,1997,16300.0
azo,storm,1996,66000.0
bdi,flood,2015,13000.0
bel,earthquake,1983,50000.0
bel,earthquake,1992,100000.0
bel,flood,1993,17000.0
bel,flood,1998,10000.0
bel,flood,2010,238146.0
bel,industrial_accident,2004,100000.0
bel,miscellaneous_accident,1967,20000.0
bel,storm,1990,980000.0
bel,storm,1995,100000.0
bel,storm,1998,500.0
bel,storm,1999,50486.0
bel,storm,2002,5000.0
bel,storm,2007,450000.0
bel,storm,2010,160000.0
bel,storm,2011,99000.0
ben,drought,1983,651.0
ben,flood,1970,200.0
ben,flood,1985,4800.0
ben,flood,1995,3100.0
ben,flood,1999,215.0
bfa,flood,2009,150000.0
bfa,flood,2010,176.0
bfa,flood,2015,31000.0
bgd,earthquake,2004,500000.0
bgd,flood,1964,5000.0
bgd,flood,1966,1000.0
bgd,flood,1968,199400.0
bgd,flood,1970,25000.0
bgd,flood,1974,579200.0
bgd,flood,1980,150000.0
bgd,flood,1987,1057500.0
bgd,flood,1988,2137000.0
bgd,flood,1990,6000.0
bgd,flood,1991,150000.0
bgd,flood,1995,375300.0
bgd,flood,1996,10000.0
bgd,flood,1997,229000.0
bgd,flood,1998,4300000.0
bgd,flood,2000,500000.0
bgd,flood,2004,2200000.0
bgd,flood,2007,114000.0
bgd,flood,2014,160000.0
bgd,flood,2015,40000.0
bgd,storm,1961,11900.0
bgd,storm,1963,50000.0
bgd,storm,1964,250.0
bgd,storm,1965,57700.0
bgd,storm,1966,22400.0
bgd,storm,1968,1500.0
bgd,storm,1969,8329.0
bgd,storm,1970,86400.0
bgd,storm,1976,201.0
bgd,storm,1977,50000.0
bgd,storm,1985,50000.0
bgd,storm,1989,16200.0
bgd,storm,1991,1780000.0
bgd,storm,1994,127500.0
bgd,storm,1995,800000.0
bgd,storm,2007,2300000.0
bgd,storm,2009,270000.0
bgd,storm,2013,20000.0
bgd,storm,2015,44000.0
bgr,extreme_temperature,2000,50.0
bgr,flood,2002,1000.0
bgr,flood,2005,457000.0
bgr,flood,2012,4400.0
bgr,flood,2014,387000.0
bgr,flood,2015,5800.0
bgr,storm,2014,545000.0
bgr,wildfire,2000,17600.0
bgr,wildfire,2007,2454.0
bhs,flood,2013,45000.0
bhs,storm,1963,1500.0
bhs,storm,1965,700.0
bhs,storm,1966,15500.0
bhs,storm,1992,250000.0
bhs,storm,1995,400.0
bhs,storm,1999,450000.0
bhs,storm,2001,300000.0
bhs,storm,2004,1550000.0
bhs,storm,2011,40000.0
bhs,storm,2015,90000.0
bih,drought,2000,158000.0
bih,drought,2003,140000.0
bih,flood,2010,87000.0
bih,flood,2014,436580.0
blr,extreme_temperature,2000,30300.0
blr,flood,1993,100000.0
blr,flood,1999,4380.0
blr,storm,1997,33000.0
blr,storm,2007,10000.0
blz,extreme_temperature,1990,2250.0
blz,flood,1990,2200.0
blz,flood,1995,500.0
blz,flood,2008,9697.0
blz,storm,1931,7500.0
blz,storm,1955,5000.0
blz,storm,1961,60000.0
blz,storm,1974,4000.0
blz,storm,1978,6000.0
blz,storm,1998,50.0
blz,storm,2000,277460.0
blz,storm,2001,250000.0
blz,storm,2007,14847.0
bmu,storm,1985,2000.0
bmu,storm,1986,1500.0
bmu,storm,1987,50000.0
bmu,storm,2003,300000.0
bol,drought,1983,917200.0
bol,drought,1988,48400.0
bol,drought,2010,100000.0
bol,flood,1965,100.0
bol,flood,1966,618.0
bol,flood,1968,3000.0
bol,flood,1974,10500.0
bol,flood,1977,10000.0
bol,flood,1982,400000.0
bol,flood,1983,48400.0
bol,flood,1986,50000.0
bol,flood,1992,200000.0
bol,flood,1997,70000.0
bol,flood,2001,121000.0
bol,flood,2002,100000.0
bol,flood,2003,1000.0
bol,flood,2006,35000.0
bol,flood,2007,590000.0
bol,flood,2011,20000.0
bol,flood,2013,2500.0
bol,landslide,1992,400000.0
bol,landslide,2014,200000.0
bra,drought,1970,100.0
bra,drought,1978,2300000.0
bra,drought,1985,651000.0
bra,drought,1998,122000.0
bra,drought,2004,1650000.0
bra,drought,2012,1460000.0
bra,drought,2014,5000000.0
bra,earthquake,1986,5000.0
bra,extreme_temperature,1975,600000.0
bra,extreme_temperature,1994,475000.0
bra,flood,1964,500.0
bra,flood,1965,17000.0
bra,flood,1966,60914.0
bra,flood,1967,15300.0
bra,flood,1969,5770.0
bra,flood,1970,46000.0
bra,flood,1971,5200.0
bra,flood,1973,16000.0
bra,flood,1974,121000.0
bra,flood,1975,254900.0
bra,flood,1983,350000.0
bra,flood,1984,2000000.0
bra,flood,1985,200000.0
bra,flood,1987,62000.0
bra,flood,1988,1030000.0
bra,flood,1991,2000.0
bra,flood,1992,25800.0
bra,flood,1995,3000.0
bra,flood,1998,1000.0
bra,flood,2001,45000.0
bra,flood,2003,303000.0
bra,flood,2004,370.0
bra,flood,2007,125000.0
bra,flood,2008,1110000.0
bra,flood,2009,600000.0
bra,flood,2010,802000.0
bra,flood,2011,1000000.0
bra,flood,2012,171000.0
bra,flood,2013,541500.0
bra,flood,2014,200000.0
bra,industrial_accident,1984,30000.0
bra,landslide,1966,27.0
bra,landslide,2000,75000.0
bra,landslide,2002,11000.0
bra,landslide,2009,145000.0
bra,miscellaneous_accident,2001,5000.0
bra,miscellaneous_accident,2013,5000.0
bra,storm,1994,91000.0
bra,storm,2004,350000.0
bra,storm,2013,90000.0
bra,storm,2015,2000.0
bra,wildfire,1998,36000.0
brb,flood,1970,500.0
brb,miscellaneous_accident,1990,15000.0
brb,storm,1980,1500.0
brb,storm,1987,100000.0
brb,storm,2002,200.0
brb,storm,2004,5000.0
brn,wildfire,1998,2000.0
btn,wildfire,1999,3500.0
bwa,drought,1968,1000.0
bwa,drought,1970,2000.0
bwa,drought,2015,44000.0
bwa,flood,1972,50.0
bwa,flood,2000,5000.0
caf,storm,1981,125.0
can,drought,1977,3000000.0
can,drought,1984,1000000.0
can,drought,1988,810000.0
can,extreme_temperature,1992,2000000.0
can,flood,1950,100000.0
can,flood,1974,89500.0
can,flood,1976,20000.0
can,flood,1979,19000.0
can,flood,1983,58000.0
can,flood,1986,30000.0
can,flood,1987,185000.0
can,flood,1988,15000.0
can,flood,1990,8500.0
can,flood,1995,73300.0
can,flood,1996,729600.0
can,flood,1997,120000.0
can,flood,2003,35000.0
can,flood,2004,200000.0
can,flood,2005,357000.0
can,flood,2011,800000.0
can,flood,2012,34000.0
can,flood,2013,5700000.0
can,flood,2014,129000.0
can,miscellaneous_accident,1916,2500.0
can,storm,1912,5000.0
can,storm,1946,500.0
can,storm,1954,100000.0
can,storm,1975,2500.0
can,storm,1981,79000.0
can,storm,1985,117000.0
can,storm,1987,265000.0
can,storm,1991,500000.0
can,storm,1994,3000.0
can,storm,1995,100000.0
can,storm,1996,100.0
can,storm,1997,10000.0
can,storm,1998,1500000.0
can,storm,1999,100.0
can,storm,2000,13000.0
can,storm,2003,110000.0
can,storm,2004,100000.0
can,storm,2009,500000.0
can,storm,2012,1050000.0
can,storm,2013,1410000.0
can,transport_accident,2013,235000.0
can,wildfire,1922,8000.0
can,wildfire,1989,4200000.0
can,wildfire,1992,120000.0
can,wildfire,1995,89500.0
can,wildfire,2003,545000.0
can,wildfire,2011,1500000.0
che,extreme_temperature,2003,280000.0
che,flood,1997,68500.0
che,flood,1999,330000.0
che,flood,2005,2100000.0
che,flood,2007,350000.0
che,industrial_accident,1995,95600.0
che,landslide,1951,20000.0
che,landslide,1999,685000.0
che,landslide,2000,330000.0
che,landslide,2002,180000.0
che,miscellaneous_accident,1985,1500.0
che,storm,1982,1000.0
che,storm,1983,1000.0
che,storm,1984,9600.0
che,storm,1985,2000.0
che,storm,1986,105000.0
che,storm,1987,138900.0
che,storm,1990,280000.0
che,storm,1993,443760.0
che,storm,1994,5000.0
che,storm,1998,1000.0
che,storm,1999,1500000.0
che,storm,2003,5000.0
che,storm,2007,100000.0
che,storm,2009,1000000.0
che,storm,2010,14000.0
che,storm,2013,250000.0
chl,drought,1968,55000.0
chl,drought,1991,200000.0
chl,earthquake,1906,100000.0
chl,earthquake,1939,920000.0
chl,earthquake,1942,28000.0
chl,earthquake,1943,100000.0
chl,earthquake,1949,44200.0
chl,earthquake,1953,507310.0
chl,earthquake,1958,10100.0
chl,earthquake,1960,550000.0
chl,earthquake,1963,235000.0
chl,earthquake,1965,125000.0
chl,earthquake,1966,400.0
chl,earthquake,1971,236400.0
chl,earthquake,1985,1500000.0
chl,earthquake,1987,1000.0
chl,earthquake,1995,1660.0
chl,earthquake,1997,48000.0
chl,earthquake,2005,5000.0
chl,earthquake,2007,100000.0
chl,earthquake,2010,30000000.0
chl,earthquake,2012,100000.0
chl,earthquake,2014,100000.0
chl,earthquake,2015,800000.0
chl,extreme_temperature,1995,10000.0
chl,extreme_temperature,2000,10000.0
chl,extreme_temperature,2013,1000000.0
chl,flood,1965,10000.0
chl,flood,1974,10000.0
chl,flood,1986,17200.0
chl,flood,1987,177000.0
chl,flood,1993,34000.0
chl,flood,1997,182400.0
chl,flood,2000,30000.0
chl,flood,2001,8900.0
chl,flood,2002,200000.0
chl,flood,2008,23000.0
chl,flood,2012,3100.0
chl,flood,2015,1500000.0
chl,landslide,1991,6000.0
chl,storm,1971,2500.0
chl,storm,1977,6800.0
chl,volcanic_activity,1991,15000.0
chl,volcanic_activity,2015,600000.0
chl,wildfire,1992,120000.0
chl,wildfire,1999,280000.0
chl,wildfire,2002,80000.0
chl,wildfire,2011,200000.0
chl,wildfire,2012,200000.0
chl,wildfire,2014,34000.0
chn,drought,1965,27118.0
chn,drought,1988,942887.0
chn,drought,1992,53200.0
chn,drought,1994,13755200.0
chn,drought,1995,12800.0
chn,drought,1997,169100.0
chn,drought,2000,796115.0
chn,drought,2002,1210000.0
chn,drought,2006,2910000.0
chn,drought,2008,234000.0
chn,drought,2009,3600000.0
chn,drought,2010,2370000.0
chn,drought,2014,3680000.0
chn,drought,2015,2464000.0
chn,earthquake,1976,5600000.0
chn,earthquake,1988,269000.0
chn,earthquake,1989,218000.0
chn,earthquake,1990,58350.0
chn,earthquake,1992,3150.0
chn,earthquake,1995,116100.0
chn,earthquake,1996,530000.0
chn,earthquake,1998,378100.0
chn,earthquake,1999,44000.0
chn,earthquake,2000,116983.0
chn,earthquake,2001,91000.0
chn,earthquake,2003,500933.0
chn,earthquake,2004,124000.0
chn,earthquake,2006,7191.0
chn,earthquake,2007,342000.0
chn,earthquake,2008,85492000.0
chn,earthquake,2009,318100.0
chn,earthquake,2010,504400.0
chn,earthquake,2011,346400.0
chn,earthquake,2012,1548000.0
chn,earthquake,2013,8017300.0
chn,earthquake,2014,5638000.0
chn,earthquake,2015,32850.0
chn,extreme_temperature,1997,29000.0
chn,extreme_temperature,2008,21100000.0
chn,extreme_temperature,2011,281000.0
chn,extreme_temperature,2012,20200.0
chn,flood,1931,1400000.0
chn,flood,1980,160000.0
chn,flood,1981,2300000.0
chn,flood,1985,702750.0
chn,flood,1986,1501210.0
chn,flood,1988,1963208.0
chn,flood,1989,2789000.0
chn,flood,1990,803000.0
chn,flood,1991,8044120.0
chn,flood,1992,509100.0
chn,flood,1993,6088000.0
chn,flood,1994,7539100.0
chn,flood,1995,6720000.0
chn,flood,1996,18914500.0
chn,flood,1997,2439600.0
chn,flood,1998,31743524.0
chn,flood,1999,9254400.0
chn,flood,2000,315366.0
chn,flood,2001,711000.0
chn,flood,2002,4728800.0
chn,flood,2003,15329640.0
chn,flood,2004,1985500.0
chn,flood,2005,4660860.0
chn,flood,2006,1687500.0
chn,flood,2007,5023155.0
chn,flood,2008,2392000.0
chn,flood,2009,1373000.0
chn,flood,2010,18171000.0
chn,flood,2011,10704130.0
chn,flood,2012,14970333.0
chn,flood,2013,16598600.0
chn,flood,2014,9667000.0
chn,flood,2015,6992000.0
chn,industrial_accident,1987,154.0
chn,industrial_accident,1993,14004.0
chn,industrial_accident,1995,100.0
chn,industrial_accident,1998,241.0
chn,industrial_accident,1999,12.0
chn,landslide,1998,890000.0
chn,landslide,2000,2400.0
chn,landslide,2001,60000.0
chn,landslide,2009,139000.0
chn,landslide,2010,759000.0
chn,mass_movement_dry,2013,8000.0
chn,miscellaneous_accident,1993,26000.0
chn,miscellaneous_accident,1995,199000.0
chn,storm,1986,1427200.0
chn,storm,1987,120000.0
chn,storm,1989,885000.0
chn,storm,1990,2079335.0
chn,storm,1991,725690.0
chn,storm,1992,1270800.0
chn,storm,1993,1368510.0
chn,storm,1994,2147000.0
chn,storm,1995,403540.0
chn,storm,1996,1988000.0
chn,storm,1997,3764700.0
chn,storm,1998,270200.0
chn,storm,1999,829700.0
chn,storm,2000,260321.0
chn,storm,2001,3587000.0
chn,storm,2002,218000.0
chn,storm,2003,537938.0
chn,storm,2004,2217980.0
chn,storm,2005,7161915.0
chn,storm,2006,7859000.0
chn,storm,2007,2639543.0
chn,storm,2008,2015000.0
chn,storm,2009,3601452.0
chn,storm,2010,871036.0
chn,storm,2011,716585.0
chn,storm,2012,3216000.0
chn,storm,2013,10787000.0
chn,storm,2014,10069973.0
chn,storm,2015,8983690.0
chn,transport_accident,2015,15000.0
chn,wildfire,1987,110000.0
cmr,drought,1971,1500.0
cmr,insect_infestation,1998,1700.0
cod,earthquake,1966,200.0
cod,earthquake,2008,7000.0
cod,flood,2014,15000.0
cod,volcanic_activity,2002,9000.0
cog,flood,1998,59.0
cok,storm,1987,25000.0
col,earthquake,1967,600.0
col,earthquake,1970,400.0
col,earthquake,1979,28000.0
col,earthquake,1983,410900.0
col,earthquake,1994,2400.0
col,earthquake,1999,1857366.0
col,earthquake,2008,10000.0
col,earthquake,2013,4000.0
col,flood,1969,500.0
col,flood,1970,138850.0
col,flood,1981,5000.0
col,flood,1997,3000.0
col,flood,1999,3.0
col,flood,2005,10000.0
col,flood,2010,1000000.0
col,flood,2011,2320000.0
col,flood,2012,102000.0
col,flood,2014,8000.0
col,industrial_accident,1956,40000.0
col,insect_infestation,1995,104000.0
col,landslide,1991,400.0
col,miscellaneous_accident,1966,8000.0
col,miscellaneous_accident,1989,23000.0
col,storm,1968,50.0
col,storm,1986,2500.0
col,storm,1988,50000.0
col,storm,1999,500.0
col,volcanic_activity,1985,1000000.0
com,flood,2012,5000.0
com,storm,1983,23000.0
com,storm,1985,5568.0
com,storm,1987,9000.0
com,storm,1989,5236.0
com,transport_accident,1996,40000.0
cpv,storm,1982,3000.0
cpv,storm,2015,1100.0
cri,drought,1994,1000.0
cri,drought,1998,23000.0
cri,earthquake,1973,200.0
cri,earthquake,1983,1000.0
cri,earthquake,1990,19500.0
cri,earthquake,1991,100000.0
cri,earthquake,2009,200000.0
cri,earthquake,2012,45000.0
cri,flood,1969,4000.0
cri,flood,1970,30000.0
cri,flood,1988,9000.0
cri,flood,1994,3000.0
cri,flood,1996,250000.0
cri,flood,1999,1000.0
cri,flood,2002,1000.0
cri,flood,2005,25000.0
cri,flood,2007,80000.0
cri,industrial_accident,1984,2500.0
cri,miscellaneous_accident,2005,10000.0
cri,storm,1988,60000.0
cri,storm,1995,6300.0
cri,storm,1996,200000.0
cri,storm,1998,91090.0
cri,storm,2001,1000.0
cri,storm,2005,20000.0
cri,volcanic_activity,1968,5000.0
csk,flood,1987,1000.0
csk,storm,1987,15000.0
cub,drought,1998,180000.0
cub,drought,2004,3139.0
cub,flood,1983,60000.0
cub,flood,1992,2590.0
cub,flood,1993,140000.0
cub,storm,1948,18000.0
cub,storm,1963,500000.0
cub,storm,1966,18000.0
cub,storm,1982,85000.0
cub,storm,1993,1000000.0
cub,storm,1994,101968.0
cub,storm,1995,2000.0
cub,storm,1996,13000.0
cub,storm,1998,2000000.0
cub,storm,2001,100000.0
cub,storm,2002,46000.0
cub,storm,2004,1200000.0
cub,storm,2005,2100000.0
cub,storm,2007,500000.0
cub,storm,2008,3572000.0
cym,storm,2001,60000.0
cym,storm,2002,1500.0
cym,storm,2004,3435080.0
cyp,earthquake,1995,4340.0
cyp,storm,1969,100.0
cyp,storm,2003,10000.0
cze,flood,1996,36000.0
cze,flood,1997,1850000.0
cze,flood,1998,52000.0
cze,flood,2000,80000.0
cze,flood,2002,2400000.0
cze,flood,2009,150000.0
cze,flood,2010,347560.0
cze,flood,2013,828552.0
cze,storm,2002,20000.0
cze,storm,2007,150000.0
cze,storm,2008,50000.0
deu,earthquake,1992,50000.0
deu,earthquake,2004,12000.0
deu,extreme_temperature,2003,1650000.0
deu,extreme_temperature,2005,300000.0
deu,flood,1992,30100.0
deu,flood,1993,600000.0
deu,flood,1994,393500.0
deu,flood,1997,360000.0
deu,flood,1999,430000.0
deu,flood,2002,11600000.0
deu,flood,2005,220000.0
deu,flood,2009,20000.0
deu,flood,2013,12900000.0
deu,industrial_accident,1995,171300.0
deu,landslide,1999,6230.0
deu,miscellaneous_accident,1995,55900.0
deu,miscellaneous_accident,1996,314700.0
deu,storm,1990,4440000.0
deu,storm,1991,5000.0
deu,storm,1993,410000.0
deu,storm,1994,1045200.0
deu,storm,1995,529600.0
deu,storm,1996,500.0
deu,storm,1998,150000.0
deu,storm,1999,1750000.0
deu,storm,2001,300000.0
deu,storm,2002,2050000.0
deu,storm,2003,300000.0
deu,storm,2004,130000.0
deu,storm,2005,270000.0
deu,storm,2007,5500000.0
deu,storm,2008,2700000.0
deu,storm,2009,50000.0
deu,storm,2010,1000000.0
deu,storm,2013,4800000.0
deu,storm,2014,400000.0
dfr,earthquake,1978,150000.0
dfr,extreme_temperature,1979,80000.0
dfr,flood,1920,20000.0
dfr,flood,1925,19000.0
dfr,flood,1926,31000.0
dfr,flood,1978,330000.0
dfr,flood,1991,56000.0
dfr,industrial_accident,1948,6000.0
dfr,industrial_accident,1985,35000.0
dfr,industrial_accident,1988,14000.0
dfr,storm,1929,55000.0
dfr,storm,1953,25000.0
dfr,storm,1962,600000.0
dfr,storm,1968,31000.0
dfr,storm,1972,420000.0
dfr,storm,1974,22000.0
dfr,storm,1976,1300000.0
dfr,storm,1984,950000.0
dji,flood,1977,2500.0
dji,flood,1989,1100.0
dji,flood,1994,2119.0
dma,storm,1963,2600.0
dma,storm,1979,44650.0
dma,storm,1984,2000.0
dma,storm,1989,20000.0
dma,storm,1995,195000.0
dma,storm,2007,20000.0
dma,storm,2015,482810.0
dnk,drought,1992,751700.0
dnk,storm,1981,250000.0
dnk,storm,1990,190000.0
dnk,storm,1999,2604939.0
dnk,storm,2005,1300000.0
dnk,storm,2007,100000.0
dom,drought,1968,5000.0
dom,flood,2002,500.0
dom,flood,2003,44720.0
dom,flood,2009,52403.0
dom,flood,2013,102.0
dom,storm,1930,40000.0
dom,storm,1963,60000.0
dom,storm,1964,1000.0
dom,storm,1966,5000.0
dom,storm,1979,150000.0
dom,storm,1980,47000.0
dom,storm,1987,23700.0
dom,storm,1998,1981500.0
dom,storm,2001,10.0
dom,storm,2004,297000.0
dom,storm,2007,162700.0
dom,storm,2011,30000.0
dom,storm,2012,30000.0
dom,wildfire,1965,1000.0
dza,earthquake,1954,6000.0
dza,earthquake,1965,2000.0
dza,earthquake,1980,5200000.0
dza,earthquake,1985,1000.0
dza,earthquake,1987,1000.0
dza,earthquake,1999,60929.0
dza,earthquake,2003,5000000.0
dza,flood,1966,10000.0
dza,flood,1967,3000.0
dza,flood,1969,10000.0
dza,flood,1973,10000.0
dza,flood,1974,30000.0
dza,flood,1992,900.0
dza,flood,2001,300000.0
dza,flood,2002,1500.0
dza,flood,2005,7256.0
dza,flood,2006,1200.0
dza,flood,2007,43061.0
dza,flood,2008,348000.0
dza,flood,2011,779000.0
dza,industrial_accident,2004,800000.0
ecu,drought,2009,1700.0
ecu,earthquake,1949,20000.0
ecu,earthquake,1970,4000.0
ecu,earthquake,1976,4000.0
ecu,earthquake,1987,1500000.0
ecu,earthquake,1996,7000.0
ecu,flood,1965,4000.0
ecu,flood,1967,100.0
ecu,flood,1970,520.0
ecu,flood,1971,50.0
ecu,flood,1982,232100.0
ecu,flood,1989,15000.0
ecu,flood,1992,20000.0
ecu,flood,1997,271000.0
ecu,flood,2002,16000.0
ecu,flood,2006,2800.0
ecu,flood,2008,1000000.0
ecu,landslide,1993,500000.0
ecu,miscellaneous_accident,1966,134.0
ecu,miscellaneous_accident,2002,50000.0
ecu,volcanic_activity,2001,10975.0
ecu,volcanic_activity,2006,150000.0
egy,earthquake,1992,1200000.0
egy,flood,1979,14000.0
egy,flood,1994,140000.0
egy,flood,1997,1000.0
egy,industrial_accident,2001,10000.0
egy,miscellaneous_accident,1997,15000.0
egy,storm,1997,1000.0
egy,storm,2015,100000.0
eri,storm,1993,5165.0
esp,drought,1980,1500000.0
esp,drought,1981,1460000.0
esp,drought,1990,4500000.0
esp,drought,1999,3200000.0
esp,earthquake,1999,44004.0
esp,earthquake,2011,200000.0
esp,extreme_temperature,1971,100000.0
esp,extreme_temperature,1995,824300.0
esp,extreme_temperature,2003,880000.0
esp,flood,1962,80000.0
esp,flood,1972,20000.0
esp,flood,1973,400000.0
esp,flood,1978,25000.0
esp,flood,1982,930000.0
esp,flood,1983,3900000.0
esp,flood,1987,1283000.0
esp,flood,1989,375000.0
esp,flood,1996,576600.0
esp,flood,2000,75000.0
esp,flood,2002,87000.0
esp,flood,2004,14285.0
esp,flood,2007,400000.0
esp,flood,2012,395000.0
esp,industrial_accident,1998,120000.0
esp,industrial_accident,2002,9960407.0
esp,landslide,1996,20000.0
esp,storm,1971,55000.0
esp,storm,1984,1001000.0
esp,storm,1987,8000.0
esp,storm,1997,5000.0
esp,storm,1998,1000.0
esp,storm,1999,100000.0
esp,storm,2001,72000.0
esp,storm,2009,1900000.0
esp,storm,2010,340000.0
esp,transport_accident,1996,7700.0
esp,transport_accident,2013,138000.0
esp,wildfire,1998,42108.0
esp,wildfire,2004,3000.0
esp,wildfire,2005,2050000.0
esp,wildfire,2006,659000.0
est,storm,2005,130000.0
eth,drought,1969,1000.0
eth,drought,1973,76000.0
eth,drought,1998,15600.0
eth,earthquake,1906,6750.0
eth,earthquake,1969,320.0
eth,flood,1968,920.0
eth,flood,1994,3500.0
eth,flood,1995,500.0
eth,flood,1999,2700.0
eth,flood,2005,6200.0
eth,flood,2006,3200.0
eth,flood,2013,2200.0
eth,miscellaneous_accident,1999,2200.0
eth,miscellaneous_accident,2000,2200.0
fin,storm,1990,10000.0
fji,drought,1983,30000.0
fji,flood,1964,1100.0
fji,flood,1986,15400.0
fji,flood,2006,500.0
fji,flood,2007,37000.0
fji,flood,2009,43247.0
fji,flood,2012,89000.0
fji,storm,1952,2000.0
fji,storm,1972,22500.0
fji,storm,1975,1000.0
fji,storm,1980,2256.0
fji,storm,1983,50851.0
fji,storm,1985,76000.0
fji,storm,1986,20000.0
fji,storm,1987,25000.0
fji,storm,1990,10000.0
fji,storm,1992,1600.0
fji,storm,1993,100000.0
fji,storm,1997,27000.0
fji,storm,1999,3500.0
fji,storm,2003,30000.0
fji,storm,2004,4000.0
fji,storm,2007,652.0
fji,storm,2008,30000.0
fji,storm,2009,13300.0
fji,storm,2010,39427.0
fji,storm,2012,8400.0
fra,drought,1989,1600000.0
fra,drought,1997,10000.0
fra,extreme_temperature,1991,772000.0
fra,extreme_temperature,2003,4400000.0
fra,flood,1983,609500.0
fra,flood,1988,500000.0
fra,flood,1993,600000.0
fra,flood,1994,100000.0
fra,flood,1996,6000.0
fra,flood,1999,500000.0
fra,flood,2001,132350.0
fra,flood,2002,1190000.0
fra,flood,2003,1500000.0
fra,flood,2010,1500000.0
fra,flood,2013,655000.0
fra,flood,2014,303000.0
fra,flood,2015,924000.0
fra,industrial_accident,1995,36800.0
fra,landslide,1999,10790.0
fra,miscellaneous_accident,1995,26600.0
fra,storm,1967,20000.0
fra,storm,1982,350000.0
fra,storm,1987,1700000.0
fra,storm,1990,1910000.0
fra,storm,1992,400000.0
fra,storm,1993,550000.0
fra,storm,1995,700000.0
fra,storm,1996,10.0
fra,storm,1998,150000.0
fra,storm,1999,12000000.0
fra,storm,2002,1000.0
fra,storm,2003,50.0
fra,storm,2007,250000.0
fra,storm,2008,80000.0
fra,storm,2009,3200000.0
fra,storm,2010,4230000.0
fra,storm,2014,182000.0
fra,wildfire,2005,10000.0
fsm,storm,1987,6000.0
fsm,storm,2002,500.0
fsm,storm,2015,11000.0
gbr,earthquake,2007,60000.0
gbr,flood,1977,1000.0
gbr,flood,1993,187000.0
gbr,flood,1994,236000.0
gbr,flood,1997,248400.0
gbr,flood,1998,500000.0
gbr,flood,1999,32680.0
gbr,flood,2000,5918150.0
gbr,flood,2004,96000.0
gbr,flood,2007,8448000.0
gbr,flood,2008,50000.0
gbr,flood,2009,484000.0
gbr,flood,2012,2946000.0
gbr,flood,2013,1500000.0
gbr,flood,2014,624000.0
gbr,flood,2015,1200000.0
gbr,industrial_accident,1967,36400.0
gbr,industrial_accident,1982,2500.0
gbr,industrial_accident,1984,2000.0
gbr,industrial_accident,1988,1200000.0
gbr,industrial_accident,1995,44200.0
gbr,industrial_accident,1996,30000.0
gbr,miscellaneous_accident,1984,1300.0
gbr,miscellaneous_accident,1990,1000.0
gbr,storm,1968,2500.0
gbr,storm,1984,81500.0
gbr,storm,1987,1565000.0
gbr,storm,1990,4790000.0
gbr,storm,1991,900000.0
gbr,storm,1995,650000.0
gbr,storm,1996,300000.0
gbr,storm,1998,1365400.0
gbr,storm,1999,101000.0
gbr,storm,2000,1500000.0
gbr,storm,2002,400050.0
gbr,storm,2005,700000.0
gbr,storm,2007,1200000.0
gbr,storm,2010,500.0
gbr,storm,2014,100000.0
gbr,storm,2015,1200000.0
geo,drought,2000,200000.0
geo,earthquake,2002,350000.0
geo,flood,1995,2200.0
geo,flood,1997,29500.0
geo,flood,2004,2156.0
geo,flood,2012,3000.0
geo,flood,2015,23000.0
geo,storm,2012,91000.0
gha,drought,1971,100.0
gha,flood,1968,74700.0
gha,flood,1995,12500.0
gha,flood,1999,21000.0
gha,flood,2015,12000.0
glp,storm,1966,70000.0
glp,storm,1979,100000.0
glp,storm,1989,50000.0
glp,storm,1995,50000.0
glp,storm,1998,5000.0
glp,storm,2007,300000.0
gmb,drought,1968,500.0
gmb,drought,1971,200.0
gmb,miscellaneous_accident,1977,4000.0
grc,drought,1990,1000000.0
grc,earthquake,1953,100000.0
grc,earthquake,1965,8000.0
grc,earthquake,1966,18000.0
grc,earthquake,1967,5000.0
grc,earthquake,1968,600.0
grc,earthquake,1978,250000.0
grc,earthquake,1981,900000.0
grc,earthquake,1986,745000.0
grc,earthquake,1995,872700.0
grc,earthquake,1999,4200000.0
grc,earthquake,2014,628000.0
grc,extreme_temperature,2000,3000.0
grc,flood,1977,28000.0
grc,flood,1994,437700.0
grc,flood,1997,160000.0
grc,flood,2003,600000.0
grc,flood,2006,5659.0
grc,industrial_accident,1986,15000.0
grc,storm,1987,350000.0
grc,storm,2004,340000.0
grc,wildfire,1998,675000.0
grc,wildfire,2007,1750000.0
grd,flood,1975,4700.0
grd,miscellaneous_accident,1990,6000.0
grd,storm,1980,5300.0
grd,storm,1999,5500.0
grd,storm,2004,889000.0
gtm,drought,1994,10000.0
gtm,drought,2001,14000.0
gtm,drought,2014,100000.0
gtm,earthquake,1976,1000000.0
gtm,earthquake,1982,5000.0
gtm,earthquake,2001,50.0
gtm,earthquake,2012,210000.0
gtm,flood,1949,15000.0
gtm,flood,1973,2500.0
gtm,flood,1982,100000.0
gtm,flood,1999,1000.0
gtm,flood,2011,61913.0
gtm,landslide,2010,500000.0
gtm,landslide,2015,5000.0
gtm,miscellaneous_accident,1968,20.0
gtm,storm,1969,15000.0
gtm,storm,1996,500.0
gtm,storm,1998,748000.0
gtm,storm,2001,100.0
gtm,storm,2002,100.0
gtm,storm,2005,988300.0
gtm,storm,2010,650000.0
gum,earthquake,1993,120000.0
gum,storm,1962,250000.0
gum,storm,1976,120000.0
gum,storm,1987,145.0
gum,storm,1992,300000.0
gum,storm,1997,200000.0
gum,storm,2002,130000.0
gum,storm,2004,1000.0
guy,drought,1997,29000.0
guy,drought,2010,14700.0
guy,flood,1971,200.0
guy,flood,2005,465100.0
guy,flood,2006,169000.0
guy,industrial_accident,1995,15000.0
guy,miscellaneous_accident,1988,400.0
hkg,flood,1966,8000.0
hkg,flood,1992,50000.0
hkg,flood,1994,37000.0
hkg,flood,1997,10000.0
hkg,landslide,1993,790.0
hkg,storm,1906,20000.0
hkg,storm,1979,10000.0
hkg,storm,1983,12544.0
hkg,storm,1985,42.0
hkg,storm,1989,67.0
hkg,storm,1991,10000.0
hkg,storm,1992,219700.0
hkg,storm,1993,201920.0
hkg,storm,2008,380.0
hnd,drought,1972,7000.0
hnd,drought,1994,10000.0
hnd,earthquake,2009,100000.0
hnd,flood,1965,500.0
hnd,flood,1979,13000.0
hnd,flood,1990,100000.0
hnd,flood,1993,114300.0
hnd,flood,1995,4000.0
hnd,flood,1996,31000.0
hnd,flood,1999,1500.0
hnd,flood,2002,100000.0
hnd,flood,2003,20000.0
hnd,flood,2006,8000.0
hnd,flood,2014,1400.0
hnd,storm,1969,19000.0
hnd,storm,1974,540000.0
hnd,storm,1978,1000.0
hnd,storm,1982,101000.0
hnd,storm,1996,1500.0
hnd,storm,1998,3793600.0
hnd,storm,2001,5000.0
hnd,storm,2005,115500.0
hnd,storm,2007,6579.0
hnd,storm,2010,90000.0
hrv,drought,2003,330000.0
hrv,extreme_temperature,2000,240000.0
hrv,flood,2010,80000.0
hrv,wildfire,2000,17750.0
hrv,wildfire,2003,20000.0
hti,drought,1968,1000.0
hti,earthquake,1952,20000.0
hti,earthquake,2010,8000000.0
hti,flood,1972,959.0
hti,flood,2002,1000.0
hti,industrial_accident,1992,2000.0
hti,miscellaneous_accident,1972,50.0
hti,miscellaneous_accident,1988,150.0
hti,storm,1963,180000.0
hti,storm,1964,10000.0
hti,storm,1966,20000.0
hti,storm,1980,400000.0
hti,storm,1988,91286.0
hti,storm,1994,50000.0
hti,storm,1996,100.0
hti,storm,1998,180000.0
hti,storm,2001,20.0
hti,storm,2004,51000.0
hti,storm,2005,50500.0
hti,storm,2012,254000.0
hun,drought,1986,500000.0
hun,drought,1992,384000.0
hun,drought,2003,100000.0
hun,flood,1970,85000.0
hun,flood,1997,10000.0
hun,flood,1999,293400.0
hun,flood,2000,55000.0
hun,flood,2001,5000.0
hun,flood,2002,30000.0
hun,flood,2005,48000.0
hun,flood,2010,440000.0
hun,industrial_accident,1995,60000.0
hun,industrial_accident,2010,103000.0
hun,storm,2006,10000.0
idn,drought,1972,70000.0
idn,drought,1978,1200.0
idn,drought,1997,88000.0
idn,drought,2003,1000.0
idn,earthquake,1976,195000.0
idn,earthquake,1977,1200.0
idn,earthquake,1979,20150.0
idn,earthquake,1982,4950.0
idn,earthquake,1983,1000.0
idn,earthquake,1984,1000.0
idn,earthquake,1987,5000.0
idn,earthquake,1990,2100.0
idn,earthquake,1991,18000.0
idn,earthquake,1992,100000.0
idn,earthquake,1994,172676.0
idn,earthquake,1996,5400.0
idn,earthquake,1997,1100.0
idn,earthquake,1998,200000.0
idn,earthquake,1999,3900.0
idn,earthquake,2000,73000.0
idn,earthquake,2004,4519600.0
idn,earthquake,2006,3155000.0
idn,earthquake,2007,700000.0
idn,earthquake,2009,2381000.0
idn,earthquake,2011,5850.0
idn,earthquake,2013,130000.0
idn,earthquake,2015,4000.0
idn,flood,1966,33000.0
idn,flood,1968,7831.0
idn,flood,1979,3200.0
idn,flood,1980,3400.0
idn,flood,1981,2200.0
idn,flood,1983,7007.0
idn,flood,1984,1500.0
idn,flood,1987,65700.0
idn,flood,1988,4600.0
idn,flood,1990,4800.0
idn,flood,1991,14800.0
idn,flood,1993,19301.0
idn,flood,1994,23245.0
idn,flood,1995,50400.0
idn,flood,1996,562430.0
idn,flood,2000,113000.0
idn,flood,2001,10000.0
idn,flood,2002,351600.0
idn,flood,2004,60000.0
idn,flood,2006,107300.0
idn,flood,2007,971000.0
idn,flood,2008,1733.0
idn,flood,2010,78000.0
idn,flood,2013,3000000.0
idn,flood,2014,926000.0
idn,flood,2015,235000.0
idn,industrial_accident,1993,13000.0
idn,industrial_accident,1995,35000.0
idn,industrial_accident,1999,3000.0
idn,landslide,1989,341.0
idn,landslide,1992,5400.0
idn,landslide,2000,54600.0
idn,landslide,2001,10000.0
idn,landslide,2003,3961.0
idn,landslide,2004,3500.0
idn,landslide,2005,5000.0
idn,landslide,2006,37943.0
idn,mass_movement_dry,1987,1000.0
idn,miscellaneous_accident,1998,400.0
idn,storm,2012,1000.0
idn,volcanic_activity,1969,200.0
idn,volcanic_activity,1982,160000.0
idn,volcanic_activity,1983,175190.0
idn,volcanic_activity,1990,8000.0
idn,volcanic_activity,1991,1000.0
idn,volcanic_activity,2014,186000.0
idn,wildfire,1991,13200.0
idn,wildfire,1997,8000000.0
idn,wildfire,1998,1300000.0
idn,wildfire,1999,1800.0
idn,wildfire,2006,14000.0
idn,wildfire,2015,1000000.0
ind,drought,1965,100000.0
ind,drought,1972,100000.0
ind,drought,1979,200000.0
ind,drought,1996,542400.0
ind,drought,2000,588000.0
ind,drought,2002,910722.0
ind,earthquake,1967,400.0
ind,earthquake,1986,5000.0
ind,earthquake,1988,72500.0
ind,earthquake,1991,60000.0
ind,earthquake,1993,280000.0
ind,earthquake,1997,37000.0
ind,earthquake,1999,2000.0
ind,earthquake,2001,2623000.0
ind,earthquake,2004,1022800.0
ind,earthquake,2005,1000000.0
ind,earthquake,2013,120000.0
ind,extreme_temperature,1985,144000.0
ind,extreme_temperature,2003,400000.0
ind,flood,1964,500.0
ind,flood,1966,1400.0
ind,flood,1968,94200.0
ind,flood,1970,101200.0
ind,flood,1971,530000.0
ind,flood,1975,714259.0
ind,flood,1978,166000.0
ind,flood,1979,100000.0
ind,flood,1980,320000.0
ind,flood,1981,250000.0
ind,flood,1982,700000.0
ind,flood,1984,90000.0
ind,flood,1985,808000.0
ind,flood,1986,376100.0
ind,flood,1987,545000.0
ind,flood,1988,947200.0
ind,flood,1991,258000.0
ind,flood,1992,308950.0
ind,flood,1993,7500000.0
ind,flood,1994,175000.0
ind,flood,1995,260252.0
ind,flood,1996,193980.0
ind,flood,1997,224800.0
ind,flood,1998,528600.0
ind,flood,1999,2400.0
ind,flood,2000,907500.0
ind,flood,2001,361924.0
ind,flood,2002,50772.0
ind,flood,2003,169000.0
ind,flood,2004,2776000.0
ind,flood,2005,6190000.0
ind,flood,2006,3390000.0
ind,flood,2007,376151.0
ind,flood,2008,145000.0
ind,flood,2009,2434000.0
ind,flood,2010,2149000.0
ind,flood,2011,1657000.0
ind,flood,2012,244000.0
ind,flood,2013,1360000.0
ind,flood,2014,16263000.0
ind,flood,2015,2880000.0
ind,industrial_accident,1990,69700.0
ind,industrial_accident,1997,19200.0
ind,industrial_accident,2005,410000.0
ind,industrial_accident,2009,200000.0
ind,landslide,1995,4500.0
ind,landslide,2005,50000.0
ind,miscellaneous_accident,1979,10000.0
ind,storm,1966,4200.0
ind,storm,1969,8330.0
ind,storm,1971,30000.0
ind,storm,1975,200000.0
ind,storm,1976,266756.0
ind,storm,1977,498535.0
ind,storm,1979,12800.0
ind,storm,1982,745420.0
ind,storm,1983,591000.0
ind,storm,1984,35000.0
ind,storm,1986,272943.0
ind,storm,1988,13000.0
ind,storm,1990,2892800.0
ind,storm,1993,100000.0
ind,storm,1994,19100.0
ind,storm,1995,48300.0
ind,storm,1996,1500300.0
ind,storm,1998,479000.0
ind,storm,1999,2990000.0
ind,storm,2002,416.0
ind,storm,2003,44000.0
ind,storm,2008,25000.0
ind,storm,2009,300000.0
ind,storm,2011,375625.0
ind,storm,2013,895471.0
ind,storm,2014,7000000.0
ind,storm,2015,1069000.0
ind,transport_accident,1996,36000.0
ind,transport_accident,2011,2000.0
ind,wildfire,1984,2000.0
irl,flood,1993,38000.0
irl,flood,2011,325000.0
irl,storm,1990,110000.0
irl,storm,1991,4000.0
irl,storm,1996,1000.0
irl,storm,1998,50.0
irl,storm,1999,100000.0
irl,storm,2000,100000.0
irn,drought,1999,3300000.0
irn,earthquake,1962,30000.0
irn,earthquake,1968,36000.0
irn,earthquake,1970,8000.0
irn,earthquake,1972,1000.0
irn,earthquake,1978,50000.0
irn,earthquake,1981,1005000.0
irn,earthquake,1983,5000.0
irn,earthquake,1990,8232300.0
irn,earthquake,1994,1400.0
irn,earthquake,1997,206000.0
irn,earthquake,2002,300000.0
irn,earthquake,2003,521666.0
irn,earthquake,2004,165000.0
irn,earthquake,2005,80000.0
irn,earthquake,2006,42262.0
irn,earthquake,2012,500000.0
irn,earthquake,2013,600000.0
irn,earthquake,2014,43000.0
irn,flood,1986,1591000.0
irn,flood,1988,150000.0
irn,flood,1989,2000.0
irn,flood,1990,77400.0
irn,flood,1991,433400.0
irn,flood,1992,3469400.0
irn,flood,1993,1226300.0
irn,flood,1994,142000.0
irn,flood,1995,95900.0
irn,flood,1996,36930.0
irn,flood,1997,25000.0
irn,flood,1998,148500.0
irn,flood,1999,43000.0
irn,flood,2000,6000.0
irn,flood,2001,103800.0
irn,flood,2002,63060.0
irn,flood,2003,838.0
irn,flood,2006,16000.0
irn,flood,2007,22000.0
irn,flood,2014,49000.0
irn,flood,2015,636000.0
irn,miscellaneous_accident,1991,150000.0
irn,storm,1993,15000.0
irn,storm,1996,13300.0
irn,storm,2004,240.0
irq,drought,1969,2000.0
irq,flood,1954,50000.0
irq,flood,1967,5000.0
irq,flood,1968,3000.0
irq,flood,2006,1300.0
isl,earthquake,2000,24000.0
isl,landslide,1995,5789.0
isl,volcanic_activity,1973,24700.0
isl,volcanic_activity,1996,16500.0
isr,drought,1999,75000.0
isr,extreme_temperature,1992,550000.0
isr,flood,1997,40000.0
isr,industrial_accident,1995,37000.0
isr,storm,2000,2750.0
isr,wildfire,1995,45000.0
isr,wildfire,2010,270000.0
ita,drought,1997,800000.0
ita,drought,2012,1190000.0
ita,earthquake,1908,116000.0
ita,earthquake,1915,60000.0
ita,earthquake,1968,250000.0
ita,earthquake,1971,41600.0
ita,earthquake,1976,3600000.0
ita,earthquake,1980,20000000.0
ita,earthquake,1982,35000.0
ita,earthquake,1990,500000.0
ita,earthquake,1997,4524900.0
ita,earthquake,2002,1296000.0
ita,earthquake,2003,561352.0
ita,earthquake,2009,2500000.0
ita,earthquake,2012,15800000.0
ita,extreme_temperature,2003,4400000.0
ita,extreme_temperature,2012,132601.0
ita,flood,1951,300000.0
ita,flood,1966,2000000.0
ita,flood,1970,268300.0
ita,flood,1977,194000.0
ita,flood,1985,15000.0
ita,flood,1986,20000.0
ita,flood,1987,70000.0
ita,flood,1992,697300.0
ita,flood,1994,9300000.0
ita,flood,1996,32000.0
ita,flood,2000,8050000.0
ita,flood,2001,100000.0
ita,flood,2002,646000.0
ita,flood,2003,805000.0
ita,flood,2008,278000.0
ita,flood,2009,20000.0
ita,flood,2011,545000.0
ita,flood,2012,15000.0
ita,flood,2013,780000.0
ita,flood,2014,837000.0
ita,flood,2015,274000.0
ita,landslide,1982,700000.0
ita,landslide,1987,625000.0
ita,landslide,1998,28700.0
ita,landslide,1999,5510.0
ita,miscellaneous_accident,1984,3000.0
ita,storm,1970,3200.0
ita,storm,1973,480000.0
ita,storm,1978,1000.0
ita,storm,1987,1203700.0
ita,storm,1990,20000.0
ita,storm,1993,625000.0
ita,storm,2001,175000.0
ita,storm,2010,872000.0
ita,storm,2014,250000.0
ita,storm,2015,869000.0
ita,volcanic_activity,2001,3100.0
ita,wildfire,1990,1585000.0
ita,wildfire,2009,115000.0
jam,drought,1968,500.0
jam,drought,2000,6000.0
jam,earthquake,1907,30000.0
jam,flood,1986,76000.0
jam,flood,1987,31000.0
jam,flood,1988,440.0
jam,flood,1991,30000.0
jam,flood,1993,11000.0
jam,flood,2002,20000.0
jam,industrial_accident,1981,14000.0
jam,storm,1935,2000.0
jam,storm,1951,56000.0
jam,storm,1963,11525.0
jam,storm,1973,1700.0
jam,storm,1980,64000.0
jam,storm,1985,5200.0
jam,storm,1988,1000000.0
jam,storm,1994,1000.0
jam,storm,1996,3000.0
jam,storm,2001,55487.0
jam,storm,2002,1030.0
jam,storm,2004,895000.0
jam,storm,2005,34500.0
jam,storm,2007,300000.0
jam,storm,2008,66198.0
jam,storm,2010,150000.0
jam,storm,2012,16542.0
jor,extreme_temperature,1992,400000.0
jor,flood,1965,1000.0
jor,flood,1966,1400.0
jor,flood,1997,1000.0
jor,miscellaneous_accident,1993,1000.0
jpn,earthquake,1923,600000.0
jpn,earthquake,1927,80000.0
jpn,earthquake,1933,25000.0
jpn,earthquake,1948,1000000.0
jpn,earthquake,1960,140000.0
jpn,earthquake,1964,800000.0
jpn,earthquake,1968,131000.0
jpn,earthquake,1978,865000.0
jpn,earthquake,1983,416000.0
jpn,earthquake,1984,43000.0
jpn,earthquake,1993,1358000.0
jpn,earthquake,1994,170400.0
jpn,earthquake,1995,100000000.0
jpn,earthquake,2000,500000.0
jpn,earthquake,2001,500000.0
jpn,earthquake,2003,1207000.0
jpn,earthquake,2004,28000000.0
jpn,earthquake,2005,400000.0
jpn,earthquake,2007,12750000.0
jpn,earthquake,2008,277000.0
jpn,earthquake,2009,400000.0
jpn,earthquake,2011,210000000.0
jpn,flood,1965,90000.0
jpn,flood,1967,20000.0
jpn,flood,1976,40000.0
jpn,flood,1977,12000.0
jpn,flood,1982,32000.0
jpn,flood,1990,1700000.0
jpn,flood,1995,74300.0
jpn,flood,1999,107000.0
jpn,flood,2000,7440000.0
jpn,flood,2003,7000.0
jpn,flood,2004,1950000.0
jpn,flood,2012,1400000.0
jpn,flood,2015,1400000.0
jpn,industrial_accident,1992,160500.0
jpn,landslide,1993,210000.0
jpn,landslide,2014,38000.0
jpn,miscellaneous_accident,1966,6000.0
jpn,storm,1912,20000.0
jpn,storm,1917,50000.0
jpn,storm,1923,10000.0
jpn,storm,1934,50000.0
jpn,storm,1945,400000.0
jpn,storm,1959,600000.0
jpn,storm,1966,7900.0
jpn,storm,1974,400000.0
jpn,storm,1975,505000.0
jpn,storm,1976,800000.0
jpn,storm,1982,212000.0
jpn,storm,1985,99500.0
jpn,storm,1986,2200000.0
jpn,storm,1990,4013000.0
jpn,storm,1991,10086500.0
jpn,storm,1993,1750000.0
jpn,storm,1994,6000.0
jpn,storm,1995,9600.0
jpn,storm,1997,100000.0
jpn,storm,1998,3335500.0
jpn,storm,1999,5000000.0
jpn,storm,2000,2050000.0
jpn,storm,2001,1300000.0
jpn,storm,2002,25500.0
jpn,storm,2003,105000.0
jpn,storm,2004,15143500.0
jpn,storm,2005,1033000.0
jpn,storm,2006,2500000.0
jpn,storm,2007,1060000.0
jpn,storm,2009,1000000.0
jpn,storm,2011,2520000.0
jpn,storm,2012,302400.0
jpn,storm,2013,14200.0
jpn,storm,2014,6541000.0
jpn,storm,2015,230200.0
jpn,transport_accident,1995,16500.0
jpn,volcanic_activity,1914,20000.0
jpn,volcanic_activity,1945,80000.0
jpn,volcanic_activity,1977,22000.0
jpn,volcanic_activity,1991,10000.0
kaz,flood,1993,36532.0
kaz,flood,2000,1500.0
kaz,flood,2005,7662.0
kaz,flood,2008,130000.0
kaz,flood,2010,34576.0
kaz,flood,2011,67000.0
kaz,flood,2015,5300.0
kaz,storm,1995,3000.0
ken,drought,1971,1500.0
ken,earthquake,2004,100000.0
ken,flood,1968,50.0
ken,flood,1977,10000.0
ken,flood,1997,11800.0
ken,flood,2001,38.0
ken,flood,2005,500.0
ken,flood,2012,100000.0
ken,flood,2013,36000.0
kgz,earthquake,1992,161000.0
kgz,earthquake,1997,2000.0
kgz,earthquake,2015,12000.0
kgz,flood,1998,2400.0
kgz,flood,2005,2660.0
kgz,flood,2007,200.0
kgz,industrial_accident,1998,8400.0
kgz,landslide,1994,36000.0
kgz,landslide,2002,1500.0
khm,drought,1994,100000.0
khm,drought,2002,38000.0
khm,flood,1991,150000.0
khm,flood,1996,1500.0
khm,flood,1999,500.0
khm,flood,2000,160000.0
khm,flood,2001,15000.0
khm,flood,2002,100.0
khm,flood,2007,1000.0
khm,flood,2010,70000.0
khm,flood,2011,521000.0
khm,flood,2013,500000.0
khm,miscellaneous_accident,1974,600.0
khm,storm,1997,10.0
kna,flood,1987,500.0
kna,storm,1989,46000.0
kna,storm,1995,197000.0
kna,storm,1998,400000.0
kna,storm,1999,41400.0
kor,flood,1965,36500.0
kor,flood,1966,1900.0
kor,flood,1969,22400.0
kor,flood,1972,73434.0
kor,flood,1977,33000.0
kor,flood,1978,400.0
kor,flood,1984,165000.0
kor,flood,1987,22000.0
kor,flood,1990,38000.0
kor,flood,1991,105000.0
kor,flood,1996,120000.0
kor,flood,1997,1650.0
kor,flood,1998,1480000.0
kor,flood,1999,332000.0
kor,flood,2000,50000.0
kor,flood,2001,76000.0
kor,flood,2002,345000.0
kor,flood,2004,6595.0
kor,flood,2011,52000.0
kor,industrial_accident,1977,12500.0
kor,industrial_accident,1989,23600.0
kor,industrial_accident,1990,52600.0
kor,industrial_accident,1991,48600.0
kor,industrial_accident,2012,30000.0
kor,landslide,1976,100000.0
kor,landslide,1984,40000.0
kor,landslide,1993,108700.0
kor,miscellaneous_accident,1966,77.0
kor,miscellaneous_accident,1994,26000.0
kor,storm,1964,1000.0
kor,storm,1968,3000.0
kor,storm,1970,5100.0
kor,storm,1978,19000.0
kor,storm,1979,40000.0
kor,storm,1980,7220.0
kor,storm,1981,134000.0
kor,storm,1982,30000.0
kor,storm,1985,14000.0
kor,storm,1986,10900.0
kor,storm,1987,525000.0
kor,storm,1989,176500.0
kor,storm,1990,6000.0
kor,storm,1991,310000.0
kor,storm,1993,29393.0
kor,storm,1994,11.0
kor,storm,1995,565000.0
kor,storm,1998,28754.0
kor,storm,1999,4000.0
kor,storm,2000,82300.0
kor,storm,2001,290000.0
kor,storm,2002,4210000.0
kor,storm,2003,4500000.0
kor,storm,2004,821000.0
kor,storm,2005,165500.0
kor,storm,2007,70000.0
kor,storm,2012,799000.0
kor,storm,2014,11000.0
kor,transport_accident,1995,36000.0
kor,transport_accident,1996,2400.0
lao,drought,1991,1000.0
lao,flood,1966,15300.0
lao,flood,1968,1280.0
lao,flood,1971,200.0
lao,flood,1992,21828.0
lao,flood,2000,1000.0
lao,flood,2013,121000.0
lao,flood,2015,10000.0
lao,storm,1991,150.0
lao,storm,1992,3650.0
lao,storm,1993,302151.0
lao,storm,2009,100000.0
lbn,flood,1987,10000.0
lbn,storm,1992,155000.0
lbr,extreme_temperature,1990,47000.0
lby,earthquake,1963,5000.0
lby,flood,1995,42200.0
lby,industrial_accident,1992,8400.0
lca,storm,1963,3465.0
lca,storm,1967,3000.0
lca,storm,1980,87990.0
lca,storm,1983,1290.0
lca,storm,1988,2500.0
lca,storm,2004,500.0
lca,storm,2007,40000.0
lca,storm,2010,500.0
lka,drought,2014,25000.0
lka,earthquake,2004,1316500.0
lka,flood,1966,5000.0
lka,flood,1967,3000.0
lka,flood,1969,8500.0
lka,flood,1982,1000.0
lka,flood,1984,2000.0
lka,flood,1986,934.0
lka,flood,1989,35000.0
lka,flood,1991,30000.0
lka,flood,1992,252750.0
lka,flood,1993,310.0
lka,flood,1995,400.0
lka,flood,1997,420.0
lka,flood,2000,3000.0
lka,flood,2003,29000.0
lka,flood,2006,3000.0
lka,flood,2007,50.0
lka,flood,2010,105000.0
lka,flood,2011,500000.0
lka,flood,2012,1200.0
lka,storm,1964,37300.0
lka,storm,1978,100000.0
lka,storm,2012,57000.0
lso,drought,1968,1000.0
ltu,drought,1992,52900.0
ltu,drought,2006,225573.0
ltu,storm,1993,4600.0
ltu,storm,1999,500.0
ltu,storm,2005,30000.0
lux,flood,1993,10000.0
lux,storm,1990,370000.0
lux,storm,1995,10000.0
lux,storm,2010,31000.0
lva,storm,1999,500.0
lva,storm,2005,325000.0
mar,drought,1971,100.0
mar,drought,1999,900000.0
mar,earthquake,1960,120000.0
mar,earthquake,2004,400000.0
mar,extreme_temperature,2000,809.0
mar,flood,1965,5000.0
mar,flood,1970,30000.0
mar,flood,1995,9000.0
mar,flood,1996,55000.0
mar,flood,2001,2200.0
mar,flood,2002,200000.0
mar,flood,2010,29000.0
mar,miscellaneous_accident,1969,500.0
mar,storm,2005,50.0
mar,storm,2014,300000.0
mda,drought,2007,406000.0
mda,flood,1994,300000.0
mda,flood,1997,50000.0
mda,flood,1999,4000.0
mda,flood,2002,832.0
mda,flood,2005,7752.0
mda,storm,2000,31600.0
mdg,flood,2003,150000.0
mdg,insect_infestation,1997,3500.0
mdg,miscellaneous_accident,1964,50.0
mdg,storm,1968,3100.0
mdg,storm,1969,5000.0
mdg,storm,1970,11400.0
mdg,storm,1972,12420.0
mdg,storm,1976,17000.0
mdg,storm,1977,350000.0
mdg,storm,1978,29000.0
mdg,storm,1981,250000.0
mdg,storm,1982,250000.0
mdg,storm,1983,25000.0
mdg,storm,1984,250000.0
mdg,storm,1986,150000.0
mdg,storm,1994,10200.0
mdg,storm,1997,50000.0
mdg,storm,2000,9000.0
mdg,storm,2002,181.0
mdg,storm,2004,250000.0
mdg,storm,2007,240000.0
mdg,storm,2008,60000.0
mdg,storm,2009,5000.0
mdg,storm,2012,100000.0
mdg,storm,2013,25000.0
mdg,storm,2015,46000.0
mdv,earthquake,2004,470100.0
mdv,flood,1987,6000.0
mdv,storm,1991,30000.0
mex,drought,1995,100000.0
mex,drought,1996,1200000.0
mex,drought,1999,100000.0
mex,drought,2002,210000.0
mex,earthquake,1957,25000.0
mex,earthquake,1964,3000.0
mex,earthquake,1979,30000.0
mex,earthquake,1985,4104000.0
mex,earthquake,1995,21100.0
mex,earthquake,1999,391600.0
mex,earthquake,2003,116300.0
mex,earthquake,2010,1150000.0
mex,earthquake,2012,320000.0
mex,extreme_temperature,1988,600.0
mex,extreme_temperature,1992,78000.0
mex,extreme_temperature,1997,4000.0
mex,extreme_temperature,2011,500000.0
mex,flood,1965,8000.0
mex,flood,1967,500.0
mex,flood,1973,100000.0
mex,flood,1978,24300.0
mex,flood,1980,87000.0
mex,flood,1982,114600.0
mex,flood,1990,44000.0
mex,flood,1991,2000.0
mex,flood,1993,95400.0
mex,flood,1998,602700.0
mex,flood,1999,451300.0
mex,flood,2004,3600.0
mex,flood,2007,3000000.0
mex,flood,2010,16000.0
mex,industrial_accident,1984,541300.0
mex,industrial_accident,1991,150000.0
mex,industrial_accident,1992,95000.0
mex,industrial_accident,1995,45000.0
mex,industrial_accident,1996,1000000.0
mex,storm,1955,40000.0
mex,storm,1959,20000.0
mex,storm,1966,24000.0
mex,storm,1967,184000.0
mex,storm,1976,100000.0
mex,storm,1981,40000.0
mex,storm,1982,82400.0
mex,storm,1988,326000.0
mex,storm,1990,90700.0
mex,storm,1992,3000.0
mex,storm,1993,1672500.0
mex,storm,1995,2424700.0
mex,storm,1996,10.0
mex,storm,1997,447800.0
mex,storm,1998,1000.0
mex,storm,2000,1000.0
mex,storm,2001,401000.0
mex,storm,2002,840000.0
mex,storm,2003,100000.0
mex,storm,2005,7910000.0
mex,storm,2006,2700.0
mex,storm,2007,600000.0
mex,storm,2008,75000.0
mex,storm,2009,40000.0
mex,storm,2010,5900000.0
mex,storm,2011,97700.0
mex,storm,2012,855000.0
mex,storm,2013,5700000.0
mex,storm,2014,2539500.0
mex,storm,2015,823000.0
mex,volcanic_activity,1982,117000.0
mex,wildfire,1989,83200.0
mex,wildfire,1998,8000.0
mkd,flood,1995,245000.0
mkd,flood,2004,3600.0
mkd,flood,2015,87000.0
mkd,wildfire,2000,13563.0
mmr,earthquake,2004,500000.0
mmr,earthquake,2011,3600.0
mmr,earthquake,2012,1170.0
mmr,flood,1991,79840.0
mmr,flood,1992,55115.0
mmr,flood,2011,1700.0
mmr,flood,2015,119000.0
mmr,miscellaneous_accident,1964,50.0
mmr,miscellaneous_accident,1965,1065.0
mmr,miscellaneous_accident,1969,2689.0
mmr,miscellaneous_accident,1972,2800.0
mmr,miscellaneous_accident,1981,10000.0
mmr,miscellaneous_accident,1982,1200.0
mmr,miscellaneous_accident,1984,96000.0
mmr,miscellaneous_accident,1985,7300.0
mmr,miscellaneous_accident,1986,8000.0
mmr,miscellaneous_accident,1987,300.0
mmr,miscellaneous_accident,1988,56000.0
mmr,miscellaneous_accident,1989,82300.0
mmr,miscellaneous_accident,1990,2500.0
mmr,storm,1965,1000.0
mmr,storm,1967,8200.0
mmr,storm,1968,2500.0
mmr,storm,1994,10000.0
mmr,storm,2004,688.0
mmr,storm,2008,4000000.0
mmr,storm,2010,57000.0
mmr,wildfire,1979,11000.0
mng,extreme_temperature,2009,62000.0
mng,flood,1966,25000.0
mng,flood,2003,270.0
mng,flood,2009,94.0
mng,storm,1993,10000.0
mng,storm,2000,80000.0
mng,wildfire,1990,110000.0
mng,wildfire,1996,1712800.0
moz,drought,1991,50000.0
moz,flood,1967,180000.0
moz,flood,1977,55500.0
moz,flood,1978,63000.0
moz,flood,1985,500.0
moz,flood,1999,12400.0
moz,flood,2000,419200.0
moz,flood,2001,36000.0
moz,flood,2007,171000.0
moz,flood,2013,30000.0
moz,industrial_accident,1985,3700.0
moz,storm,1984,75000.0
moz,storm,1996,14500.0
moz,storm,1997,50.0
moz,storm,2000,1000.0
moz,storm,2008,20000.0
moz,storm,2009,3000.0
mrt,drought,1969,34000.0
mrt,drought,1978,25500.0
msr,storm,1989,240000.0
msr,storm,1995,20000.0
msr,volcanic_activity,1997,8000.0
mtq,storm,1963,40000.0
mtq,storm,1970,31000.0
mtq,storm,1979,50000.0
mtq,storm,1980,68000.0
mtq,storm,1995,160000.0
mtq,storm,1996,10.0
mtq,storm,2007,300000.0
mus,drought,1999,175000.0
mus,storm,1967,5000.0
mus,storm,1975,200000.0
mus,storm,1979,175000.0
mus,storm,1982,973.0
mus,storm,1989,60000.0
mus,storm,1994,135400.0
mus,storm,2002,50000.0
mwi,earthquake,1989,28000.0
mwi,flood,1967,500.0
mwi,flood,1969,200.0
mwi,flood,1991,24000.0
mwi,flood,1998,89.0
mwi,flood,2000,1000.0
mwi,flood,2001,6700.0
mwi,flood,2015,390000.0
mys,earthquake,2004,500000.0
mys,flood,1965,1000.0
mys,flood,1967,25600.0
mys,flood,1970,37000.0
mys,flood,1986,11500.0
mys,flood,2000,1000.0
mys,flood,2004,10000.0
mys,flood,2006,22000.0
mys,flood,2007,968000.0
mys,flood,2014,284000.0
mys,industrial_accident,1995,18000.0
mys,miscellaneous_accident,1967,2600.0
mys,miscellaneous_accident,1987,863.0
mys,storm,1996,52000.0
mys,storm,1997,1000.0
mys,wildfire,1997,300000.0
mys,wildfire,1998,2000.0
nam,drought,1991,50000.0
nam,drought,1998,1000.0
nam,drought,2013,64000.0
nam,flood,2006,8490.0
nam,flood,2011,12000.0
ncl,storm,1959,700.0
ncl,storm,1969,3000.0
ncl,storm,1981,200.0
ncl,storm,2003,40000.0
ner,flood,1974,1000.0
ner,flood,1988,10200.0
ner,flood,2012,2750.0
ner,flood,2013,64724.0
ner,miscellaneous_accident,1982,16000.0
nga,drought,1983,71103.0
nga,flood,1985,8000.0
nga,flood,1994,66500.0
nga,flood,2000,6705.0
nga,flood,2001,3000.0
nga,flood,2003,2570.0
nga,flood,2005,147.0
nga,flood,2010,30000.0
nga,flood,2011,4500.0
nga,flood,2012,500000.0
nga,flood,2015,25000.0
nga,storm,2012,1000.0
nga,transport_accident,1996,2000.0
nic,drought,1994,16000.0
nic,drought,1997,2000.0
nic,earthquake,1931,15000.0
nic,earthquake,1968,2000.0
nic,earthquake,1972,845000.0
nic,earthquake,1992,25000.0
nic,earthquake,2014,3000.0
nic,epidemic,1969,7.0
nic,flood,1968,1500.0
nic,flood,1999,500.0
nic,flood,2002,50.0
nic,industrial_accident,1983,7000.0
nic,miscellaneous_accident,1967,500.0
nic,storm,1971,380.0
nic,storm,1982,356000.0
nic,storm,1988,400000.0
nic,storm,1996,10100.0
nic,storm,1998,987700.0
nic,storm,2000,1000.0
nic,storm,2001,1000.0
nic,storm,2002,1000.0
nic,volcanic_activity,1971,2000.0
nic,volcanic_activity,1995,722.0
nic,wildfire,1991,80000.0
niu,storm,1959,1500.0
niu,storm,1960,41.0
niu,storm,2004,40000.0
nld,extreme_temperature,2005,100000.0
nld,flood,1953,300000.0
nld,flood,1992,27600.0
nld,flood,1993,53000.0
nld,flood,1998,530000.0
nld,industrial_accident,1990,62100.0
nld,industrial_accident,1991,38000.0
nld,industrial_accident,1993,39000.0
nld,miscellaneous_accident,1992,27600.0
nld,miscellaneous_accident,1993,31000.0
nld,miscellaneous_accident,2000,256000.0
nld,storm,1990,1750000.0
nld,storm,1994,2000.0
nld,storm,1995,1180000.0
nld,storm,1998,100.0
nld,storm,2002,300000.0
nld,storm,2007,550000.0
nld,storm,2010,28000.0
nld,storm,2013,10000.0
nor,flood,1995,300000.0
nor,storm,1990,130000.0
nor,storm,1993,3000.0
nor,storm,2005,130000.0
npl,drought,1972,10000.0
npl,earthquake,1966,1000.0
npl,earthquake,1980,245000.0
npl,earthquake,1988,60000.0
npl,earthquake,2015,5174000.0
npl,extreme_temperature,2011,123.0
npl,flood,1968,300.0
npl,flood,1978,513.0
npl,flood,1983,10000.0
npl,flood,1987,95490.0
npl,flood,1993,200000.0
npl,flood,1995,1200.0
npl,flood,1998,27000.0
npl,flood,1999,2000.0
npl,flood,2000,6300.0
npl,flood,2007,2400.0
npl,flood,2008,29.0
npl,flood,2009,60000.0
npl,flood,2012,1000.0
npl,landslide,2014,15000.0
npl,miscellaneous_accident,1991,260.0
npl,miscellaneous_accident,2012,1000.0
npl,storm,1986,3600.0
npl,wildfire,1992,6200.0
nzl,drought,1994,100000.0
nzl,drought,2013,823000.0
nzl,earthquake,1931,25000.0
nzl,earthquake,1968,2669.0
nzl,earthquake,1987,210000.0
nzl,earthquake,2010,6500000.0
nzl,earthquake,2011,18000000.0
nzl,earthquake,2013,50000.0
nzl,extreme_temperature,2001,200000.0
nzl,flood,1984,20000.0
nzl,flood,1986,19800.0
nzl,flood,1998,75000.0
nzl,flood,2000,1000.0
nzl,flood,2002,500.0
nzl,flood,2004,245000.0
nzl,flood,2005,72000.0
nzl,flood,2006,3000.0
nzl,flood,2015,271000.0
nzl,landslide,1979,2466.0
nzl,miscellaneous_accident,1986,3300.0
nzl,storm,1992,51500.0
nzl,storm,2003,3000.0
nzl,storm,2005,10000.0
nzl,storm,2012,9100.0
nzl,storm,2013,20000.0
omn,storm,2002,50000.0
omn,storm,2003,1000.0
omn,storm,2007,3900000.0
omn,storm,2010,1000000.0
omn,storm,2015,221000.0
pak,drought,1999,247000.0
pak,earthquake,1974,3255.0
pak,earthquake,1983,3000.0
pak,earthquake,1985,2000.0
pak,earthquake,1990,1000.0
pak,earthquake,1991,10000.0
pak,earthquake,2001,500.0
pak,earthquake,2005,5200000.0
pak,earthquake,2008,10000.0
pak,earthquake,2013,100000.0
pak,extreme_temperature,2014,18000.0
pak,flood,1964,500.0
pak,flood,1967,2800.0
pak,flood,1973,661500.0
pak,flood,1976,505000.0
pak,flood,1992,1000230.0
pak,flood,1994,92000.0
pak,flood,2001,246000.0
pak,flood,2002,30.0
pak,flood,2005,30000.0
pak,flood,2007,327118.0
pak,flood,2008,103000.0
pak,flood,2010,9500000.0
pak,flood,2011,2500000.0
pak,flood,2012,2500000.0
pak,flood,2013,1500000.0
pak,flood,2014,2000000.0
pak,flood,2015,1000.0
pak,industrial_accident,1988,4180.0
pak,industrial_accident,1996,174900.0
pak,landslide,2010,18000.0
pak,miscellaneous_accident,1970,60.0
pak,miscellaneous_accident,1984,22000.0
pak,storm,1964,4100.0
pak,storm,1999,10936.0
pak,storm,2007,1620000.0
pak,storm,2010,80000.0
pan,drought,2013,200000.0
pan,flood,1966,1000.0
pan,flood,1970,15000.0
pan,flood,1972,50.0
pan,flood,1986,350.0
pan,flood,1995,7000.0
pan,flood,2000,1300.0
pan,flood,2002,500.0
pan,flood,2005,7000.0
pan,flood,2008,10000.0
pan,miscellaneous_accident,1964,154.0
pan,miscellaneous_accident,1965,500.0
pan,miscellaneous_accident,1972,50.0
pan,storm,1964,300.0
pan,storm,1988,60000.0
pan,storm,1992,10000.0
pan,storm,1998,50.0
per,drought,1969,10000.0
per,drought,1990,36000.0
per,drought,1992,250000.0
per,earthquake,1966,15000.0
per,earthquake,1968,100.0
per,earthquake,1969,5000.0
per,earthquake,1970,532000.0
per,earthquake,1972,20000.0
per,earthquake,1974,10000.0
per,earthquake,1986,22000.0
per,earthquake,1990,1000.0
per,earthquake,2001,300000.0
per,earthquake,2005,50.0
per,earthquake,2007,600000.0
per,extreme_temperature,2015,94000.0
per,flood,1967,15000.0
per,flood,1970,5200.0
per,flood,1971,600.0
per,flood,1977,1000.0
per,flood,1978,2000.0
per,flood,1981,6000.0
per,flood,1986,1200.0
per,flood,1994,50000.0
per,industrial_accident,1991,2000.0
per,landslide,1974,21700.0
per,landslide,1983,988800.0
per,landslide,1984,3000.0
per,mass_movement_dry,1962,200000.0
per,miscellaneous_accident,1966,5000.0
per,storm,1997,12000.0
per,transport_accident,1996,55000.0
per,transport_accident,1998,7000.0
phl,drought,1990,64000.0
phl,drought,2002,453.0
phl,drought,2015,84399.0
phl,earthquake,1968,5000.0
phl,earthquake,1973,450.0
phl,earthquake,1976,134000.0
phl,earthquake,1977,100.0
phl,earthquake,1983,2227.0
phl,earthquake,1990,370500.0
phl,earthquake,1994,3700.0
phl,earthquake,1999,1794.0
phl,earthquake,2002,1714.0
phl,earthquake,2009,90.0
phl,earthquake,2012,12144.0
phl,earthquake,2013,51459.0
phl,flood,1972,220000.0
phl,flood,1973,493.0
phl,flood,1974,17800.0
phl,flood,1976,1553.0
phl,flood,1977,1913.0
phl,flood,1979,6983.0
phl,flood,1981,27000.0
phl,flood,1982,60.0
phl,flood,1983,3.0
phl,flood,1986,56.0
phl,flood,1989,6000.0
phl,flood,1990,43.0
phl,flood,1991,1300.0
phl,flood,1992,74200.0
phl,flood,1993,39600.0
phl,flood,1994,4142.0
phl,flood,1995,700942.0
phl,flood,1997,76.0
phl,flood,1999,24000.0
phl,flood,2000,4080.0
phl,flood,2001,8000.0
phl,flood,2002,1842.0
phl,flood,2005,515.0
phl,flood,2006,14157.0
phl,flood,2007,6600.0
phl,flood,2008,39577.0
phl,flood,2009,29314.0
phl,flood,2010,50589.0
phl,flood,2011,202787.0
phl,flood,2012,75330.0
phl,flood,2013,2234788.0
phl,flood,2015,200.0
phl,industrial_accident,1961,49505.0
phl,insect_infestation,1975,925.0
phl,landslide,1994,24000.0
phl,landslide,2003,7000.0
phl,landslide,2006,2203.0
phl,landslide,2010,78.0
phl,miscellaneous_accident,1965,10000.0
phl,miscellaneous_accident,1966,12000.0
phl,miscellaneous_accident,1969,3308.0
phl,miscellaneous_accident,1974,283.0
phl,miscellaneous_accident,1975,1533.0
phl,miscellaneous_accident,1976,8751.0
phl,miscellaneous_accident,1977,700.0
phl,miscellaneous_accident,1978,22662.0
phl,miscellaneous_accident,1979,12204.0
phl,miscellaneous_accident,1980,6711.0
phl,miscellaneous_accident,1981,915.0
phl,miscellaneous_accident,1982,4250.0
phl,miscellaneous_accident,1983,1300.0
phl,miscellaneous_accident,1987,4250.0
phl,miscellaneous_accident,1988,4875.0
phl,miscellaneous_accident,1989,495.0
phl,miscellaneous_accident,1990,115.0
phl,miscellaneous_accident,1998,3300.0
phl,miscellaneous_accident,2005,182.0
phl,miscellaneous_accident,2006,976.0
phl,miscellaneous_accident,2011,701.0
phl,storm,1912,10000.0
phl,storm,1952,50000.0
phl,storm,1960,32000.0
phl,storm,1964,43000.0
phl,storm,1966,1000.0
phl,storm,1967,26500.0
phl,storm,1968,9600.0
phl,storm,1970,258399.0
phl,storm,1971,1290.0
phl,storm,1972,48000.0
phl,storm,1973,7000.0
phl,storm,1974,55300.0
phl,storm,1975,2161.0
phl,storm,1976,178426.0
phl,storm,1977,4425.0
phl,storm,1978,190084.0
phl,storm,1979,26450.0
phl,storm,1980,118391.0
phl,storm,1981,90384.0
phl,storm,1982,118605.0
phl,storm,1983,4320.0
phl,storm,1984,336490.0
phl,storm,1985,83033.0
phl,storm,1986,86460.0
phl,storm,1987,193700.0
phl,storm,1988,403016.0
phl,storm,1989,171085.0
phl,storm,1990,388500.0
phl,storm,1991,275000.0
phl,storm,1993,297442.0
phl,storm,1994,140813.0
phl,storm,1995,317494.0
phl,storm,1996,42150.0
phl,storm,1997,7500.0
phl,storm,1998,235437.0
phl,storm,1999,56487.0
phl,storm,2000,83464.0
phl,storm,2001,99061.0
phl,storm,2002,13534.0
phl,storm,2003,35302.0
phl,storm,2004,138867.0
phl,storm,2005,2000.0
phl,storm,2006,330921.0
phl,storm,2007,10215.0
phl,storm,2008,441625.0
phl,storm,2009,932703.0
phl,storm,2010,284420.0
phl,storm,2011,527238.0
phl,storm,2012,918137.0
phl,storm,2013,10136563.0
phl,storm,2014,1062899.0
phl,storm,2015,1881367.0
phl,transport_accident,1998,3300.0
phl,volcanic_activity,1965,10000.0
phl,volcanic_activity,1968,5000.0
phl,volcanic_activity,1976,679.0
phl,volcanic_activity,1991,211000.0
phl,volcanic_activity,1993,488.0
phl,volcanic_activity,2000,2214.0
phl,volcanic_activity,2001,2580.0
png,drought,2015,60000.0
png,earthquake,1970,1750.0
png,earthquake,1985,1000.0
png,earthquake,1986,500.0
png,earthquake,1987,2625.0
png,earthquake,1993,5000.0
png,flood,1983,11900.0
png,flood,1993,2500.0
png,flood,1999,43228.0
png,flood,2012,27000.0
png,industrial_accident,1994,12000.0
png,storm,1993,1500.0
png,volcanic_activity,1994,110000.0
pol,flood,1982,53000.0
pol,flood,1987,500000.0
pol,flood,1997,3500000.0
pol,flood,2001,700000.0
pol,flood,2009,100000.0
pol,flood,2010,3080000.0
pol,storm,1983,2000.0
pol,storm,1990,50000.0
pol,storm,1994,1000.0
pol,storm,1999,10000.0
pol,storm,2002,150.0
pol,storm,2007,100000.0
pol,storm,2008,50000.0
pol,storm,2012,5900.0
pri,drought,1994,2000.0
pri,flood,1992,200000.0
pri,flood,2001,146000.0
pri,industrial_accident,2009,6400.0
pri,miscellaneous_accident,1996,12100.0
pri,storm,1928,50000.0
pri,storm,1932,30000.0
pri,storm,1995,300000.0
pri,storm,1996,500000.0
pri,storm,1998,1750000.0
pri,storm,1999,150000.0
pri,storm,2004,100000.0
pri,storm,2011,500000.0
prk,flood,1995,15000000.0
prk,flood,1996,2200000.0
prk,flood,1999,2000.0
prk,flood,2001,9400.0
prk,flood,2004,20000.0
prk,flood,2007,300000.0
prk,flood,2012,11400.0
prk,storm,1993,110000.0
prk,storm,1997,10.0
prk,storm,2000,6000000.0
prk,storm,2002,500.0
prk,transport_accident,2004,408000.0
prt,drought,1983,95000.0
prt,drought,1997,10000.0
prt,drought,2004,1338136.0
prt,flood,1967,3000.0
prt,flood,1979,32100.0
prt,flood,1983,95000.0
prt,flood,1996,13000.0
prt,flood,2010,1350000.0
prt,miscellaneous_accident,1988,250000.0
prt,storm,1997,25000.0
prt,storm,2010,270000.0
prt,wildfire,1985,95000.0
prt,wildfire,2003,1730000.0
prt,wildfire,2005,1650000.0
pry,flood,1965,2000.0
pry,flood,1966,1000.0
pry,flood,1971,50.0
pry,flood,1983,82000.0
pry,flood,1997,1687.0
pry,flood,1998,5000.0
pry,flood,2009,820.0
pry,flood,2012,4000.0
pry,storm,2012,2000.0
pry,storm,2013,25000.0
pry,wildfire,2007,30000.0
pyf,storm,1983,37000.0
pyf,storm,2010,11000.0
reu,storm,1980,67000.0
reu,storm,1987,2000.0
reu,storm,1989,50000.0
reu,storm,2002,50000.0
reu,storm,2014,85000.0
rou,drought,2000,500000.0
rou,earthquake,1940,10000.0
rou,earthquake,1977,2000000.0
rou,flood,1970,500000.0
rou,flood,1975,50000.0
rou,flood,1991,50000.0
rou,flood,1994,3000.0
rou,flood,1995,3400.0
rou,flood,1997,110000.0
rou,flood,1998,150000.0
rou,flood,1999,60000.0
rou,flood,2000,100500.0
rou,flood,2001,135000.0
rou,flood,2002,290.0
rou,flood,2005,1313000.0
rou,flood,2010,1111428.0
rou,flood,2013,11000.0
rus,drought,2010,1400000.0
rus,drought,2012,1140000.0
rus,earthquake,1995,64100.0
rus,earthquake,1999,900.0
rus,earthquake,2000,920.0
rus,earthquake,2003,10600.0
rus,earthquake,2006,55000.0
rus,earthquake,2007,420000.0
rus,extreme_temperature,2001,100.0
rus,extreme_temperature,2006,1000000.0
rus,extreme_temperature,2010,400000.0
rus,flood,1992,48100.0
rus,flood,1993,34000.0
rus,flood,1994,281000.0
rus,flood,1996,298400.0
rus,flood,1997,174100.0
rus,flood,1998,16500.0
rus,flood,2000,43895.0
rus,flood,2001,291000.0
rus,flood,2002,1007970.0
rus,flood,2004,56759.0
rus,flood,2005,23668.0
rus,flood,2006,132411.0
rus,flood,2007,25752.0
rus,flood,2010,66000.0
rus,flood,2011,21015.0
rus,flood,2012,617000.0
rus,flood,2013,1000000.0
rus,flood,2014,8000.0
rus,impact,2013,33000.0
rus,industrial_accident,2009,1320000.0
rus,mass_movement_dry,1992,2600.0
rus,miscellaneous_accident,1994,11200.0
rus,storm,1994,65800.0
rus,storm,1995,44000.0
rus,storm,1998,160000.0
rus,storm,2000,50.0
rus,storm,2001,17200.0
rus,storm,2002,3000.0
rus,storm,2004,6000.0
rus,storm,2011,3000.0
rus,wildfire,1998,270000.0
rus,wildfire,1999,113336.0
rus,wildfire,2010,1800000.0
rus,wildfire,2015,136820.0
rwa,flood,2007,9.0
sau,flood,1985,450000.0
sau,flood,2009,900000.0
sau,flood,2011,300000.0
sau,miscellaneous_accident,1966,220.0
sdn,flood,1978,25000.0
sdn,flood,1993,200.0
sdn,flood,1998,40000.0
sdn,flood,2001,2000.0
sdn,flood,2003,184000.0
sdn,flood,2007,300000.0
sdn,flood,2013,7000.0
sen,drought,1969,74800.0
sen,drought,1977,300000.0
sen,flood,1966,50.0
sen,flood,1978,2000.0
sen,flood,1983,1406.0
sen,flood,2002,40979.0
sen,flood,2012,10000.0
sen,industrial_accident,1992,18700.0
sen,transport_accident,1997,800.0
sgp,industrial_accident,1992,6137.0
slb,flood,2014,24000.0
slb,storm,1986,20000.0
sle,storm,1975,3600.0
slv,drought,1994,1000.0
slv,drought,1998,170000.0
slv,drought,2001,22400.0
slv,drought,2009,27000.0
slv,drought,2015,100000.0
slv,earthquake,1951,23000.0
slv,earthquake,1965,35000.0
slv,earthquake,1986,1500000.0
slv,earthquake,2001,1848500.0
slv,flood,1982,280000.0
slv,flood,1999,1500.0
slv,flood,2011,1000000.0
slv,storm,1969,1600.0
slv,storm,1996,10.0
slv,storm,1998,388100.0
slv,storm,2005,355700.0
slv,storm,2009,939000.0
slv,storm,2010,20000.0
som,earthquake,2004,100000.0
som,flood,2005,20.0
spi,flood,2002,79923.0
spi,storm,1999,415000.0
spi,storm,2005,375000.0
srb,earthquake,2010,132260.0
srb,flood,2014,2048262.0
sun,earthquake,1948,25000.0
sun,earthquake,1966,300000.0
sun,earthquake,1976,85000.0
sun,earthquake,1980,5000.0
sun,earthquake,1986,730000.0
sun,earthquake,1988,14000000.0
sun,earthquake,1989,24800.0
sun,earthquake,1991,1700000.0
sun,flood,1985,10000.0
sun,flood,1987,546000.0
sun,flood,1989,640000.0
sun,flood,1990,177900.0
sun,flood,1991,2022000.0
sun,industrial_accident,1986,2800000.0
sun,landslide,1989,423000.0
sun,storm,1991,24000.0
sur,flood,1969,50.0
svk,extreme_temperature,2003,150000.0
svk,flood,1997,60000.0
svk,flood,1998,45000.0
svk,flood,1999,113300.0
svk,flood,2001,6000.0
svk,flood,2002,3000.0
svk,flood,2010,25000.0
svk,storm,2004,383300.0
svn,earthquake,2004,10000.0
svn,extreme_temperature,2003,80000.0
svn,flood,2005,5000.0
svn,flood,2012,265000.0
svn,storm,2007,392000.0
swe,flood,1977,170000.0
swe,flood,1985,5800.0
swe,industrial_accident,1995,30200.0
swe,landslide,1977,11000.0
swe,storm,1990,10000.0
swe,storm,1999,160000.0
swe,storm,2005,2800000.0
swz,drought,1990,1739.0
swz,flood,2000,50.0
swz,storm,1984,54152.0
syc,earthquake,2004,30000.0
syc,flood,1997,1700.0
syc,storm,2013,9300.0
syr,flood,1967,5000.0
syr,flood,1974,39000.0
syr,industrial_accident,1995,35000.0
syr,miscellaneous_accident,2002,10000.0
tca,storm,1985,5.0
tca,storm,2008,500000.0
tcd,drought,1969,83000.0
tcd,flood,2001,1000.0
tcd,flood,2012,10000.0
tcd,storm,1988,157.0
tgo,drought,1971,500.0
tgo,storm,1966,200.0
tha,drought,1993,2000.0
tha,drought,2002,2300.0
tha,drought,2005,420000.0
tha,earthquake,2004,1000000.0
tha,earthquake,2014,62000.0
tha,flood,1966,1000.0
tha,flood,1975,45000.0
tha,flood,1978,400000.0
tha,flood,1980,59700.0
tha,flood,1984,403000.0
tha,flood,1985,3600.0
tha,flood,1986,2000.0
tha,flood,1987,7200.0
tha,flood,1988,169146.0
tha,flood,1991,1478.0
tha,flood,1993,1980950.0
tha,flood,1994,268000.0
tha,flood,1995,140500.0
tha,flood,1996,500.0
tha,flood,1999,13267.0
tha,flood,2000,109056.0
tha,flood,2001,28500.0
tha,flood,2002,35827.0
tha,flood,2003,26400.0
tha,flood,2004,175000.0
tha,flood,2005,218000.0
tha,flood,2006,34940.0
tha,flood,2007,1500.0
tha,flood,2008,27844.0
tha,flood,2010,332000.0
tha,flood,2011,40317000.0
tha,flood,2013,579000.0
tha,flood,2014,10000.0
tha,miscellaneous_accident,1968,700.0
tha,miscellaneous_accident,1995,83600.0
tha,miscellaneous_accident,1997,10500.0
tha,miscellaneous_accident,2000,3517.0
tha,storm,1962,19000.0
tha,storm,1981,13000.0
tha,storm,1989,452000.0
tha,storm,1990,50000.0
tha,storm,1991,8323.0
tha,storm,1993,131970.0
tha,storm,1994,20000.0
tha,storm,1996,150000.0
tha,storm,1997,44500.0
tha,storm,2002,2000.0
tha,storm,2005,20246.0
tjk,drought,2000,57000.0
tjk,earthquake,2006,22000.0
tjk,earthquake,2010,1500.0
tjk,earthquake,2015,5000.0
tjk,extreme_temperature,2008,840000.0
tjk,flood,1992,300000.0
tjk,flood,1998,66000.0
tjk,flood,1999,6154.0
tjk,flood,2002,2836.0
tjk,flood,2003,20000.0
tjk,flood,2004,12000.0
tjk,flood,2005,50000.0
tjk,flood,2009,1000.0
tjk,flood,2010,204000.0
tjk,flood,2012,760.0
tjk,landslide,1992,24100.0
tjk,landslide,1993,149000.0
tjk,landslide,2001,600.0
tjk,landslide,2003,41000.0
tjk,storm,1999,200.0
tjk,storm,2001,234.0
tkl,storm,1987,500.0
tkl,storm,1990,2400.0
tkm,flood,1993,99870.0
ton,earthquake,1977,1200.0
ton,earthquake,2009,9500.0
ton,storm,1961,500.0
ton,storm,1973,500.0
ton,storm,1977,1100.0
ton,storm,1982,22300.0
ton,storm,1990,2500.0
ton,storm,2001,51300.0
ton,storm,2011,3000.0
ton,storm,2014,31000.0
tto,earthquake,1997,25000.0
tto,flood,1993,70.0
tto,miscellaneous_accident,1988,2000.0
tto,miscellaneous_accident,1998,15000.0
tto,storm,1933,3000.0
tto,storm,1963,30000.0
tto,storm,1974,5000.0
tto,storm,1993,57.0
tto,storm,2004,1000.0
tun,flood,1964,3000.0
tun,flood,1969,100000.0
tun,flood,1973,5000.0
tun,flood,1982,90000.0
tun,flood,1990,242800.0
tur,earthquake,1939,20000.0
tur,earthquake,1964,5000.0
tur,earthquake,1966,20000.0
tur,earthquake,1967,3000.0
tur,earthquake,1970,55600.0
tur,earthquake,1971,5000.0
tur,earthquake,1975,17000.0
tur,earthquake,1976,25000.0
tur,earthquake,1983,25000.0
tur,earthquake,1992,750000.0
tur,earthquake,1995,205800.0
tur,earthquake,1996,30000.0
tur,earthquake,1998,550000.0
tur,earthquake,1999,21000000.0
tur,earthquake,2002,95000.0
tur,earthquake,2003,135000.0
tur,earthquake,2011,1744000.0
tur,extreme_temperature,2000,1000.0
tur,flood,1980,15000.0
tur,flood,1990,150000.0
tur,flood,1991,25000.0
tur,flood,1995,73500.0
tur,flood,1998,1000000.0
tur,flood,2000,40000.0
tur,flood,2001,25000.0
tur,flood,2006,317000.0
tur,flood,2009,550000.0
tur,landslide,1995,26000.0
tur,miscellaneous_accident,1922,100000.0
tur,miscellaneous_accident,1954,178000.0
tur,storm,1964,2200.0
twn,earthquake,1999,14100800.0
twn,earthquake,2002,25000.0
twn,earthquake,2010,1000000.0
twn,earthquake,2013,2100.0
twn,flood,1977,1000.0
twn,flood,1997,58300.0
twn,flood,1998,19000.0
twn,flood,2005,62000.0
twn,flood,2006,116130.0
twn,flood,2012,16900.0
twn,storm,1911,20000.0
twn,storm,1959,50000.0
twn,storm,1966,17322.0
twn,storm,1969,88000.0
twn,storm,1977,250000.0
twn,storm,1986,485000.0
twn,storm,1992,35000.0
twn,storm,1994,457000.0
twn,storm,1996,1300000.0
twn,storm,1997,50000.0
twn,storm,1998,129000.0
twn,storm,2000,285000.0
twn,storm,2001,1047000.0
twn,storm,2002,50.0
twn,storm,2004,407710.0
twn,storm,2005,239000.0
twn,storm,2007,60000.0
twn,storm,2008,142400.0
twn,storm,2009,250000.0
twn,storm,2010,73100.0
twn,storm,2012,35300.0
twn,storm,2013,61600.0
twn,storm,2014,420000.0
twn,storm,2015,26000.0
tza,flood,1968,1000.0
tza,flood,1974,3000.0
tza,flood,1990,280.0
tza,flood,1993,3510.0
uga,drought,1967,200.0
uga,drought,1998,1600.0
uga,earthquake,1966,1500.0
uga,earthquake,1994,70000.0
uga,flood,1997,1000.0
uga,flood,2007,71.0
uga,flood,2013,3100.0
ukr,drought,2012,1690000.0
ukr,extreme_temperature,2000,85000.0
ukr,flood,1993,239000.0
ukr,flood,1997,17000.0
ukr,flood,1998,1259.0
ukr,flood,2001,15000.0
ukr,flood,2006,23855.0
ukr,flood,2008,1000000.0
ukr,flood,2010,1900.0
ukr,flood,2013,21000.0
ukr,industrial_accident,2007,867000.0
ukr,storm,1992,1600.0
ukr,storm,1997,34000.0
ukr,storm,2000,120000.0
ukr,storm,2007,100000.0
ury,drought,1999,250000.0
ury,flood,1967,39000.0
ury,flood,1998,5000.0
ury,flood,2007,45000.0
ury,storm,2002,25000.0
usa,drought,1991,1335000.0
usa,drought,1999,1100000.0
usa,drought,2000,1100000.0
usa,drought,2002,3300000.0
usa,drought,2007,300000.0
usa,drought,2011,8000000.0
usa,drought,2012,20000000.0
usa,drought,2014,2200000.0
usa,drought,2015,1800000.0
usa,earthquake,1906,524000.0
usa,earthquake,1915,1000.0
usa,earthquake,1918,29000.0
usa,earthquake,1925,8000.0
usa,earthquake,1933,38500.0
usa,earthquake,1940,33000.0
usa,earthquake,1946,25000.0
usa,earthquake,1949,80000.0
usa,earthquake,1952,80900.0
usa,earthquake,1959,26000.0
usa,earthquake,1964,1020000.0
usa,earthquake,1965,28000.0
usa,earthquake,1971,535000.0
usa,earthquake,1983,52250.0
usa,earthquake,1986,720.0
usa,earthquake,1987,217000.0
usa,earthquake,1989,5600000.0
usa,earthquake,1990,12700.0
usa,earthquake,1991,33500.0
usa,earthquake,1992,275000.0
usa,earthquake,1993,7500.0
usa,earthquake,1994,30002100.0
usa,earthquake,2000,50000.0
usa,earthquake,2001,2000000.0
usa,earthquake,2003,200000.0
usa,earthquake,2006,150000.0
usa,earthquake,2010,12500.0
usa,earthquake,2014,700000.0
usa,extreme_temperature,1951,100000.0
usa,extreme_temperature,1958,520000.0
usa,extreme_temperature,1977,2800000.0
usa,extreme_temperature,1980,2000000.0
usa,extreme_temperature,1986,1750000.0
usa,extreme_temperature,1990,40000.0
usa,extreme_temperature,1998,4275000.0
usa,extreme_temperature,1999,1000000.0
usa,extreme_temperature,2009,1100000.0
usa,extreme_temperature,2014,2500000.0
usa,flood,1903,480000.0
usa,flood,1927,230.0
usa,flood,1937,438000.0
usa,flood,1943,900000.0
usa,flood,1951,1029000.0
usa,flood,1964,820000.0
usa,flood,1969,400000.0
usa,flood,1972,120000.0
usa,flood,1973,500000.0
usa,flood,1976,41000.0
usa,flood,1977,200000.0
usa,flood,1980,350000.0
usa,flood,1982,33900.0
usa,flood,1983,400000.0
usa,flood,1984,65000.0
usa,flood,1985,12500.0
usa,flood,1986,25000.0
usa,flood,1990,45000.0
usa,flood,1991,850000.0
usa,flood,1993,12290000.0
usa,flood,1994,700000.0
usa,flood,1995,3245000.0
usa,flood,1996,2720000.0
usa,flood,1997,7345000.0
usa,flood,1998,1062000.0
usa,flood,1999,300.0
usa,flood,2000,286000.0
usa,flood,2001,33000.0
usa,flood,2002,1013000.0
usa,flood,2003,123000.0
usa,flood,2004,505500.0
usa,flood,2005,730330.0
usa,flood,2006,1478500.0
usa,flood,2007,728000.0
usa,flood,2008,10002000.0
usa,flood,2009,666000.0
usa,flood,2011,6600000.0
usa,flood,2012,174000.0
usa,flood,2013,2275000.0
usa,flood,2014,1690000.0
usa,flood,2015,3400000.0
usa,industrial_accident,1989,1100000.0
usa,industrial_accident,1990,220000.0
usa,industrial_accident,1991,14500.0
usa,industrial_accident,1994,33000.0
usa,industrial_accident,2010,20000000.0
usa,industrial_accident,2013,200000.0
usa,landslide,2014,20000.0
usa,miscellaneous_accident,1996,12100.0
usa,miscellaneous_accident,2010,250000.0
usa,storm,1900,30000.0
usa,storm,1913,200000.0
usa,storm,1915,60000.0
usa,storm,1919,25000.0
usa,storm,1925,18000.0
usa,storm,1926,73000.0
usa,storm,1927,22000.0
usa,storm,1928,25000.0
usa,storm,1935,6000.0
usa,storm,1936,21000.0
usa,storm,1938,306000.0
usa,storm,1944,100000.0
usa,storm,1947,100000.0
usa,storm,1950,100000.0
usa,storm,1953,52000.0
usa,storm,1954,731000.0
usa,storm,1955,832000.0
usa,storm,1957,150000.0
usa,storm,1960,387000.0
usa,storm,1961,408000.0
usa,storm,1962,350000.0
usa,storm,1964,250000.0
usa,storm,1965,1610000.0
usa,storm,1966,100000.0
usa,storm,1967,200000.0
usa,storm,1968,8000.0
usa,storm,1969,1420000.0
usa,storm,1970,597000.0
usa,storm,1972,2100000.0
usa,storm,1973,50000.0
usa,storm,1974,1000000.0
usa,storm,1975,550000.0
usa,storm,1978,100000.0
usa,storm,1979,2863000.0
usa,storm,1980,910000.0
usa,storm,1981,861000.0
usa,storm,1982,2112000.0
usa,storm,1983,4655000.0
usa,storm,1984,2222600.0
usa,storm,1985,5081600.0
usa,storm,1986,70000.0
usa,storm,1987,204000.0
usa,storm,1989,7880000.0
usa,storm,1990,635000.0
usa,storm,1991,2560000.0
usa,storm,1992,34500000.0
usa,storm,1993,5125000.0
usa,storm,1994,850000.0
usa,storm,1995,13645000.0
usa,storm,1996,3400000.0
usa,storm,1997,2242000.0
usa,storm,1998,10053450.0
usa,storm,1999,12600500.0
usa,storm,2000,1865600.0
usa,storm,2001,6328800.0
usa,storm,2002,6275000.0
usa,storm,2003,15148400.0
usa,storm,2004,55224770.0
usa,storm,2005,158230000.0
usa,storm,2006,4727860.0
usa,storm,2007,5820000.0
usa,storm,2008,45760000.0
usa,storm,2009,10390000.0
usa,storm,2010,9150000.0
usa,storm,2011,43450000.0
usa,storm,2012,77495000.0
usa,storm,2013,14600000.0
usa,storm,2014,9566000.0
usa,storm,2015,14320000.0
usa,transport_accident,1996,23000.0
usa,volcanic_activity,1980,860000.0
usa,wildfire,1918,100000.0
usa,wildfire,1947,30000.0
usa,wildfire,1970,100000.0
usa,wildfire,1991,2500000.0
usa,wildfire,1992,175000.0
usa,wildfire,1993,1000000.0
usa,wildfire,1994,2000.0
usa,wildfire,1996,8500.0
usa,wildfire,1997,2500.0
usa,wildfire,1998,281100.0
usa,wildfire,1999,92000.0
usa,wildfire,2000,2500000.0
usa,wildfire,2002,232100.0
usa,wildfire,2003,3500000.0
usa,wildfire,2005,100000.0
usa,wildfire,2006,66000.0
usa,wildfire,2007,2815000.0
usa,wildfire,2008,2102000.0
usa,wildfire,2009,100000.0
usa,wildfire,2011,1383000.0
usa,wildfire,2012,800000.0
usa,wildfire,2013,706400.0
usa,wildfire,2014,100000.0
usa,wildfire,2015,1550000.0
uzb,drought,2000,50000.0
vct,flood,1987,5000.0
vct,flood,2013,108000.0
vct,storm,1967,4500.0
vct,storm,1980,16300.0
vct,storm,1987,5300.0
vct,storm,2002,11000.0
vct,storm,2004,5000.0
vct,storm,2010,25000.0
ven,earthquake,1967,50000.0
ven,earthquake,1981,5000.0
ven,earthquake,1986,1000.0
ven,earthquake,1997,81000.0
ven,flood,1967,4126.0
ven,flood,1999,3160000.0
ven,flood,2002,3000.0
ven,flood,2005,51000.0
ven,flood,2010,170000.0
ven,flood,2011,16000.0
ven,flood,2012,93000.0
ven,landslide,1987,800.0
ven,storm,1993,4500.0
vgb,storm,1995,10000.0
vgb,storm,1996,2000.0
vir,storm,1989,21800.0
vir,storm,1995,936000.0
vir,storm,1998,100000.0
vir,storm,1999,180000.0
vnm,drought,1997,407000.0
vnm,drought,2002,200000.0
vnm,drought,2005,42120.0
vnm,flood,1966,10000.0
vnm,flood,1990,725.0
vnm,flood,1991,46700.0
vnm,flood,1992,47700.0
vnm,flood,1993,10000.0
vnm,flood,1994,206000.0
vnm,flood,1995,86000.0
vnm,flood,1996,151400.0
vnm,flood,1998,13700.0
vnm,flood,1999,309500.0
vnm,flood,2000,265000.0
vnm,flood,2001,88700.0
vnm,flood,2002,84100.0
vnm,flood,2003,105000.0
vnm,flood,2004,8000.0
vnm,flood,2005,54000.0
vnm,flood,2006,9000.0
vnm,flood,2007,790000.0
vnm,flood,2008,483000.0
vnm,flood,2010,660200.0
vnm,flood,2011,219002.0
vnm,flood,2012,30000.0
vnm,flood,2013,78500.0
vnm,flood,2015,204000.0
vnm,industrial_accident,2007,2000.0
vnm,landslide,1994,2300.0
vnm,miscellaneous_accident,1967,500.0
vnm,miscellaneous_accident,2002,2000.0
vnm,storm,1964,50000.0
vnm,storm,1989,21000.0
vnm,storm,1991,10500.0
vnm,storm,1992,18400.0
vnm,storm,1993,65000.0
vnm,storm,1994,45000.0
vnm,storm,1995,21200.0
vnm,storm,1996,600020.0
vnm,storm,1997,480000.0
vnm,storm,1998,108200.0
vnm,storm,2000,26035.0
vnm,storm,2001,83200.0
vnm,storm,2002,100.0
vnm,storm,2004,30000.0
vnm,storm,2005,250250.0
vnm,storm,2006,1090000.0
vnm,storm,2007,191000.0
vnm,storm,2008,190500.0
vnm,storm,2009,1065200.0
vnm,storm,2010,44500.0
vnm,storm,2012,342800.0
vnm,storm,2013,1474230.0
vnm,storm,2014,10700.0
vut,storm,1951,250.0
vut,storm,1981,1000.0
vut,storm,1985,173000.0
vut,storm,1987,25000.0
vut,storm,1993,6000.0
vut,storm,2015,449400.0
wsm,earthquake,2009,124040.0
wsm,flood,2001,1500.0
wsm,storm,1966,600.0
wsm,storm,1968,238.0
wsm,storm,1983,31600.0
wsm,storm,1989,15500.0
wsm,storm,1990,200000.0
wsm,storm,1991,278000.0
wsm,storm,2012,133000.0
wsm,wildfire,1983,31650.0
yem,flood,1993,1500.0
yem,flood,1996,1210000.0
yem,flood,2008,400000.0
yem,storm,2015,100000.0
ymd,flood,1981,32200.0
ymd,flood,1982,975000.0
ymd,flood,1989,33000.0
ymn,drought,1969,10000.0
ymn,earthquake,1982,2000000.0
ymn,flood,1975,12700.0
yug,drought,1990,1000000.0
yug,earthquake,1963,600000.0
yug,earthquake,1967,20000.0
yug,earthquake,1968,38600.0
yug,earthquake,1969,50000.0
yug,earthquake,1979,450000.0
yug,flood,1964,62600.0
yug,flood,1965,347000.0
yug,flood,1990,766100.0
yug,wildfire,1983,200000.0
zaf,drought,1991,1000000.0
zaf,drought,2015,2000000.0
zaf,earthquake,2005,20000.0
zaf,flood,1968,30000.0
zaf,flood,1981,1000.0
zaf,flood,1987,765305.0
zaf,flood,1995,10000.0
zaf,flood,1996,6860.0
zaf,flood,1999,19600.0
zaf,flood,2000,160000.0
zaf,flood,2006,216000.0
zaf,flood,2008,1264.0
zaf,flood,2011,211000.0
zaf,flood,2012,200000.0
zaf,flood,2014,85000.0
zaf,industrial_accident,1989,67700.0
zaf,storm,1984,142000.0
zaf,storm,1990,393000.0
zaf,storm,1998,165000.0
zaf,storm,1999,25000.0
zaf,storm,2002,14041.0
zaf,storm,2009,15000.0
zaf,storm,2011,10000.0
zaf,wildfire,2000,10000.0
zaf,wildfire,2008,430000.0
zmb,flood,1978,200.0
zmb,flood,1998,20700.0
zwe,drought,1982,1000.0
zwe,drought,1991,50000.0
zwe,flood,2000,72900.0
zwe,flood,2001,3600.0
zwe,flood,2003,200000.0
zwe,flood,2014,20000.0
zwe,storm,2007,1200.0
